Group,ID,Week,Eggs,Schisto.Inf,Schisto.fact,Meta.inf,Meta.fact,Total.inf,Total.fact,Metas
Control,C1,1,0,NA,ap,NA,ap,NA,ap,NA
Control,C2,1,6,NA,ap,NA,ap,NA,ap,NA
Control,C3,1,12,NA,ap,NA,ap,NA,ap,NA
Control,C4,1,1,NA,ap,NA,ap,NA,ap,NA
Control,C5,1,3,NA,ap,NA,ap,NA,ap,NA
Control,C6,1,3,NA,ap,NA,ap,NA,ap,NA
Control,C7,1,7,NA,ap,NA,ap,NA,ap,NA
Control,C8,1,5,NA,ap,NA,ap,NA,ap,NA
Control,C9,1,9,NA,ap,NA,ap,NA,ap,NA
Control,C10,1,0,NA,ap,NA,ap,NA,ap,NA
Control,C11,1,9,NA,ap,NA,ap,NA,ap,NA
Control,C12,1,6,NA,ap,NA,ap,NA,ap,NA
Control,C13,1,1,NA,ap,NA,ap,NA,ap,NA
Control,C14,1,7,NA,ap,NA,ap,NA,ap,NA
Control,C15,1,11,NA,ap,NA,ap,NA,ap,NA
Control,C16,1,1,NA,ap,NA,ap,NA,ap,NA
Control,C17,1,1,NA,ap,NA,ap,NA,ap,NA
Control,C18,1,0,NA,ap,NA,ap,NA,ap,NA
Control,C19,1,4,NA,ap,NA,ap,NA,ap,NA
Control,C20,1,7,NA,ap,NA,ap,NA,ap,NA
Control,C1,2,0,NA,ap,NA,ap,NA,ap,NA
Control,C2,2,2,NA,ap,NA,ap,NA,ap,NA
Control,C3,2,8,NA,ap,NA,ap,NA,ap,NA
Control,C4,2,0,NA,ap,NA,ap,NA,ap,NA
Control,C5,2,NA,NA,ap,NA,ap,NA,ap,NA
Control,C6,2,0,NA,ap,NA,ap,NA,ap,NA
Control,C7,2,5,NA,ap,NA,ap,NA,ap,NA
Control,C8,2,3,NA,ap,NA,ap,NA,ap,NA
Control,C9,2,6,NA,ap,NA,ap,NA,ap,NA
Control,C10,2,2,NA,ap,NA,ap,NA,ap,NA
Control,C11,2,5,NA,ap,NA,ap,NA,ap,NA
Control,C12,2,2,NA,ap,NA,ap,NA,ap,NA
Control,C13,2,0,NA,ap,NA,ap,NA,ap,NA
Control,C14,2,2,NA,ap,NA,ap,NA,ap,NA
Control,C15,2,5,NA,ap,NA,ap,NA,ap,NA
Control,C16,2,2,NA,ap,NA,ap,NA,ap,NA
Control,C17,2,1,NA,ap,NA,ap,NA,ap,NA
Control,C18,2,0,NA,ap,NA,ap,NA,ap,NA
Control,C19,2,4,NA,ap,NA,ap,NA,ap,NA
Control,C20,2,4,NA,ap,NA,ap,NA,ap,NA
Control,C1,3,0,NA,ap,NA,ap,NA,ap,NA
Control,C2,3,6,NA,ap,NA,ap,NA,ap,NA
Control,C3,3,6,NA,ap,NA,ap,NA,ap,NA
Control,C4,3,3,NA,ap,NA,ap,NA,ap,NA
Control,C5,3,NA,NA,ap,NA,ap,NA,ap,NA
Control,C6,3,0,NA,ap,NA,ap,NA,ap,NA
Control,C7,3,9,NA,ap,NA,ap,NA,ap,NA
Control,C8,3,6,NA,ap,NA,ap,NA,ap,NA
Control,C9,3,6,NA,ap,NA,ap,NA,ap,NA
Control,C10,3,2,NA,ap,NA,ap,NA,ap,NA
Control,C11,3,8,NA,ap,NA,ap,NA,ap,NA
Control,C12,3,12,NA,ap,NA,ap,NA,ap,NA
Control,C13,3,0,NA,ap,NA,ap,NA,ap,NA
Control,C14,3,5,NA,ap,NA,ap,NA,ap,NA
Control,C15,3,7,NA,ap,NA,ap,NA,ap,NA
Control,C16,3,2,NA,ap,NA,ap,NA,ap,NA
Control,C17,3,3,NA,ap,NA,ap,NA,ap,NA
Control,C18,3,0,NA,ap,NA,ap,NA,ap,NA
Control,C19,3,5,NA,ap,NA,ap,NA,ap,NA
Control,C20,3,2,NA,ap,NA,ap,NA,ap,NA
Control,C1,4,0,NA,ap,NA,ap,NA,ap,NA
Control,C2,4,5,NA,ap,NA,ap,NA,ap,NA
Control,C3,4,8,NA,ap,NA,ap,NA,ap,NA
Control,C4,4,0,NA,ap,NA,ap,NA,ap,NA
Control,C5,4,NA,NA,ap,NA,ap,NA,ap,NA
Control,C6,4,0,NA,ap,NA,ap,NA,ap,NA
Control,C7,4,6,NA,ap,NA,ap,NA,ap,NA
Control,C8,4,5,NA,ap,NA,ap,NA,ap,NA
Control,C9,4,8,NA,ap,NA,ap,NA,ap,NA
Control,C10,4,6,NA,ap,NA,ap,NA,ap,NA
Control,C11,4,6,NA,ap,NA,ap,NA,ap,NA
Control,C12,4,2,NA,ap,NA,ap,NA,ap,NA
Control,C13,4,0,NA,ap,NA,ap,NA,ap,NA
Control,C14,4,5,NA,ap,NA,ap,NA,ap,NA
Control,C15,4,7,NA,ap,NA,ap,NA,ap,NA
Control,C16,4,5,NA,ap,NA,ap,NA,ap,NA
Control,C17,4,5,NA,ap,NA,ap,NA,ap,NA
Control,C18,4,0,NA,ap,NA,ap,NA,ap,NA
Control,C19,4,5,NA,ap,NA,ap,NA,ap,NA
Control,C20,4,5,NA,ap,NA,ap,NA,ap,NA
Control,C1,5,4,NA,ap,NA,ap,NA,ap,NA
Control,C2,5,7,NA,ap,NA,ap,NA,ap,NA
Control,C3,5,7,NA,ap,NA,ap,NA,ap,NA
Control,C4,5,0,NA,ap,NA,ap,NA,ap,NA
Control,C5,5,NA,NA,ap,NA,ap,NA,ap,NA
Control,C6,5,1,NA,ap,NA,ap,NA,ap,NA
Control,C7,5,8,NA,ap,NA,ap,NA,ap,NA
Control,C8,5,9,NA,ap,NA,ap,NA,ap,NA
Control,C9,5,9,NA,ap,NA,ap,NA,ap,NA
Control,C10,5,11,NA,ap,NA,ap,NA,ap,NA
Control,C11,5,10,NA,ap,NA,ap,NA,ap,NA
Control,C12,5,0,NA,ap,NA,ap,NA,ap,NA
Control,C13,5,1,NA,ap,NA,ap,NA,ap,NA
Control,C14,5,6,NA,ap,NA,ap,NA,ap,NA
Control,C15,5,9,NA,ap,NA,ap,NA,ap,NA
Control,C16,5,3,NA,ap,NA,ap,NA,ap,NA
Control,C17,5,6,NA,ap,NA,ap,NA,ap,NA
Control,C18,5,0,NA,ap,NA,ap,NA,ap,NA
Control,C19,5,8,NA,ap,NA,ap,NA,ap,NA
Control,C20,5,10,NA,ap,NA,ap,NA,ap,NA
Control,C1,6,6,NA,ap,NA,ap,NA,ap,NA
Control,C2,6,4,NA,ap,NA,ap,NA,ap,NA
Control,C3,6,1,NA,ap,NA,ap,NA,ap,NA
Control,C4,6,1,NA,ap,NA,ap,NA,ap,NA
Control,C5,6,NA,NA,ap,NA,ap,NA,ap,NA
Control,C6,6,0,NA,ap,NA,ap,NA,ap,NA
Control,C7,6,6,NA,ap,NA,ap,NA,ap,NA
Control,C8,6,3,NA,ap,NA,ap,NA,ap,NA
Control,C9,6,12,NA,ap,NA,ap,NA,ap,NA
Control,C10,6,6,NA,ap,NA,ap,NA,ap,NA
Control,C11,6,13,NA,ap,NA,ap,NA,ap,NA
Control,C12,6,0,NA,ap,NA,ap,NA,ap,NA
Control,C13,6,0,NA,ap,NA,ap,NA,ap,NA
Control,C14,6,12,NA,ap,NA,ap,NA,ap,NA
Control,C15,6,6,NA,ap,NA,ap,NA,ap,NA
Control,C16,6,4,NA,ap,NA,ap,NA,ap,NA
Control,C17,6,8,NA,ap,NA,ap,NA,ap,NA
Control,C18,6,0,NA,ap,NA,ap,NA,ap,NA
Control,C19,6,9,NA,ap,NA,ap,NA,ap,NA
Control,C20,6,7,NA,ap,NA,ap,NA,ap,NA
Control,C1,7,8,NA,ap,NA,ap,NA,ap,NA
Control,C2,7,2,NA,ap,NA,ap,NA,ap,NA
Control,C3,7,0,NA,ap,NA,ap,NA,ap,NA
Control,C4,7,2,NA,ap,NA,ap,NA,ap,NA
Control,C5,7,NA,NA,ap,NA,ap,NA,ap,NA
Control,C6,7,0,NA,ap,NA,ap,NA,ap,NA
Control,C7,7,1,NA,ap,NA,ap,NA,ap,NA
Control,C8,7,3,NA,ap,NA,ap,NA,ap,NA
Control,C9,7,9,NA,ap,NA,ap,NA,ap,NA
Control,C10,7,5,NA,ap,NA,ap,NA,ap,NA
Control,C11,7,9,NA,ap,NA,ap,NA,ap,NA
Control,C12,7,0,NA,ap,NA,ap,NA,ap,NA
Control,C13,7,0,NA,ap,NA,ap,NA,ap,NA
Control,C14,7,11,NA,ap,NA,ap,NA,ap,NA
Control,C15,7,12,NA,ap,NA,ap,NA,ap,NA
Control,C16,7,5,NA,ap,NA,ap,NA,ap,NA
Control,C17,7,7,NA,ap,NA,ap,NA,ap,NA
Control,C18,7,4,NA,ap,NA,ap,NA,ap,NA
Control,C19,7,0,NA,ap,NA,ap,NA,ap,NA
Control,C20,7,9,NA,ap,NA,ap,NA,ap,NA
Control,C1,8,6,NA,ap,NA,ap,NA,ap,NA
Control,C2,8,0,NA,ap,NA,ap,NA,ap,NA
Control,C3,8,0,NA,ap,NA,ap,NA,ap,NA
Control,C4,8,0,NA,ap,NA,ap,NA,ap,NA
Control,C5,8,NA,NA,ap,NA,ap,NA,ap,NA
Control,C6,8,2,NA,ap,NA,ap,NA,ap,NA
Control,C7,8,2,NA,ap,NA,ap,NA,ap,NA
Control,C8,8,6,NA,ap,NA,ap,NA,ap,NA
Control,C9,8,5,NA,ap,NA,ap,NA,ap,NA
Control,C10,8,15,NA,ap,NA,ap,NA,ap,NA
Control,C11,8,0,NA,ap,NA,ap,NA,ap,NA
Control,C12,8,0,NA,ap,NA,ap,NA,ap,NA
Control,C13,8,6,NA,ap,NA,ap,NA,ap,NA
Control,C14,8,12,NA,ap,NA,ap,NA,ap,NA
Control,C15,8,6,NA,ap,NA,ap,NA,ap,NA
Control,C16,8,5,NA,ap,NA,ap,NA,ap,NA
Control,C17,8,5,NA,ap,NA,ap,NA,ap,NA
Control,C18,8,NA,NA,ap,NA,ap,NA,ap,NA
Control,C19,8,2,NA,ap,NA,ap,NA,ap,NA
Control,C20,8,9,NA,ap,NA,ap,NA,ap,NA
Control,C1,9,9,NA,ap,NA,ap,NA,ap,NA
Control,C2,9,0,NA,ap,NA,ap,NA,ap,NA
Control,C3,9,0,NA,ap,NA,ap,NA,ap,NA
Control,C4,9,0,NA,ap,NA,ap,NA,ap,NA
Control,C5,9,NA,NA,ap,NA,ap,NA,ap,NA
Control,C6,9,0,NA,ap,NA,ap,NA,ap,NA
Control,C7,9,0,NA,ap,NA,ap,NA,ap,NA
Control,C8,9,3,NA,ap,NA,ap,NA,ap,NA
Control,C9,9,6,NA,ap,NA,ap,NA,ap,NA
Control,C10,9,1,NA,ap,NA,ap,NA,ap,NA
Control,C11,9,16,NA,ap,NA,ap,NA,ap,NA
Control,C12,9,0,NA,ap,NA,ap,NA,ap,NA
Control,C13,9,0,NA,ap,NA,ap,NA,ap,NA
Control,C14,9,6,NA,ap,NA,ap,NA,ap,NA
Control,C15,9,8,NA,ap,NA,ap,NA,ap,NA
Control,C16,9,3,NA,ap,NA,ap,NA,ap,NA
Control,C17,9,7,NA,ap,NA,ap,NA,ap,NA
Control,C18,9,NA,NA,ap,NA,ap,NA,ap,NA
Control,C19,9,2,NA,ap,NA,ap,NA,ap,NA
Control,C20,9,4,NA,ap,NA,ap,NA,ap,NA
Control,C1,10,6,NA,ap,NA,ap,NA,ap,NA
Control,C2,10,0,NA,ap,NA,ap,NA,ap,NA
Control,C3,10,0,NA,ap,NA,ap,NA,ap,NA
Control,C4,10,0,NA,ap,NA,ap,NA,ap,NA
Control,C5,10,NA,NA,ap,NA,ap,NA,ap,NA
Control,C6,10,0,NA,ap,NA,ap,NA,ap,NA
Control,C7,10,NA,NA,ap,NA,ap,NA,ap,NA
Control,C8,10,2,NA,ap,NA,ap,NA,ap,NA
Control,C9,10,5,NA,ap,NA,ap,NA,ap,NA
Control,C10,10,0,NA,ap,NA,ap,NA,ap,NA
Control,C11,10,12,NA,ap,NA,ap,NA,ap,NA
Control,C12,10,0,NA,ap,NA,ap,NA,ap,NA
Control,C13,10,0,NA,ap,NA,ap,NA,ap,NA
Control,C14,10,8,NA,ap,NA,ap,NA,ap,NA
Control,C15,10,7,NA,ap,NA,ap,NA,ap,NA
Control,C16,10,0,NA,ap,NA,ap,NA,ap,NA
Control,C17,10,8,NA,ap,NA,ap,NA,ap,NA
Control,C18,10,NA,NA,ap,NA,ap,NA,ap,NA
Control,C19,10,2,NA,ap,NA,ap,NA,ap,NA
Control,C20,10,3,NA,ap,NA,ap,NA,ap,NA
E1,E1.1,1,0,NA,ap,1,p,NA,onem,3
E1,E1.2,1,NA,NA,ap,1,p,NA,onem,5
E1,E1.3,1,5,NA,ap,1,p,NA,onem,3
E1,E1.4,1,NA,NA,ap,1,p,NA,onem,6
E1,E1.5,1,5,NA,ap,1,p,NA,onem,4
E1,E1.6,1,4,NA,ap,1,p,NA,onem,1
E1,E1.7,1,0,NA,ap,1,p,NA,onem,2
E1,E1.8,1,4,NA,ap,1,p,NA,onem,4
E1,E1.9,1,4,NA,ap,0,ap,NA,ap,0
E1,E1.10,1,3,NA,ap,0,ap,NA,ap,0
E1,E1.11,1,4,NA,ap,1,p,NA,onem,1
E1,E1.12,1,4,NA,ap,0,ap,NA,ap,0
E1,E1.13,1,1,NA,ap,0,ap,NA,ap,0
E1,E1.14,1,3,NA,ap,1,p,NA,onem,1
E1,E1.15,1,NA,NA,ap,1,p,NA,onem,5
E1,E1.16,1,NA,NA,ap,1,p,NA,onem,1
E1,E1.17,1,4,NA,ap,0,ap,NA,ap,0
E1,E1.18,1,3,NA,ap,0,ap,NA,ap,0
E1,E1.19,1,2,NA,ap,1,p,NA,onem,1
E1,E1.20,1,2,NA,ap,1,p,NA,onem,7
E1,E1.1,2,NA,NA,ap,1,p,NA,onem,3
E1,E1.2,2,NA,NA,ap,1,p,NA,onem,5
E1,E1.3,2,5,NA,ap,1,p,NA,onem,3
E1,E1.4,2,NA,NA,ap,1,p,NA,onem,6
E1,E1.5,2,4,NA,ap,1,p,NA,onem,4
E1,E1.6,2,4,NA,ap,1,p,NA,onem,1
E1,E1.7,2,0,NA,ap,1,p,NA,onem,2
E1,E1.8,2,5,NA,ap,1,p,NA,onem,4
E1,E1.9,2,6,NA,ap,0,ap,NA,ap,0
E1,E1.10,2,3,NA,ap,0,ap,NA,ap,0
E1,E1.11,2,4,NA,ap,1,p,NA,onem,1
E1,E1.12,2,4,NA,ap,0,ap,NA,ap,0
E1,E1.13,2,0,NA,ap,0,ap,NA,ap,0
E1,E1.14,2,5,NA,ap,1,p,NA,onem,1
E1,E1.15,2,NA,NA,ap,1,p,NA,onem,5
E1,E1.16,2,NA,NA,ap,1,p,NA,onem,1
E1,E1.17,2,3,NA,ap,0,ap,NA,ap,0
E1,E1.18,2,4,NA,ap,0,ap,NA,ap,0
E1,E1.19,2,5,NA,ap,1,p,NA,onem,1
E1,E1.20,2,1,NA,ap,1,p,NA,onem,7
E1,E1.1,3,NA,NA,ap,1,p,NA,onem,3
E1,E1.2,3,NA,NA,ap,1,p,NA,onem,5
E1,E1.3,3,8,NA,ap,1,p,NA,onem,3
E1,E1.4,3,NA,NA,ap,1,p,NA,onem,6
E1,E1.5,3,4,NA,ap,1,p,NA,onem,4
E1,E1.6,3,5,NA,ap,1,p,NA,onem,1
E1,E1.7,3,8,NA,ap,1,p,NA,onem,2
E1,E1.8,3,7,NA,ap,1,p,NA,onem,4
E1,E1.9,3,NA,NA,ap,0,ap,NA,ap,0
E1,E1.10,3,3,NA,ap,0,ap,NA,ap,0
E1,E1.11,3,3,NA,ap,1,p,NA,onem,1
E1,E1.12,3,6,NA,ap,0,ap,NA,ap,0
E1,E1.13,3,0,NA,ap,0,ap,NA,ap,0
E1,E1.14,3,7,NA,ap,1,p,NA,onem,1
E1,E1.15,3,NA,NA,ap,1,p,NA,onem,5
E1,E1.16,3,NA,NA,ap,1,p,NA,onem,1
E1,E1.17,3,4,NA,ap,0,ap,NA,ap,0
E1,E1.18,3,4,NA,ap,0,ap,NA,ap,0
E1,E1.19,3,3,NA,ap,1,p,NA,onem,1
E1,E1.20,3,0,NA,ap,1,p,NA,onem,7
E1,E1.1,4,NA,NA,ap,1,p,NA,onem,3
E1,E1.2,4,NA,NA,ap,1,p,NA,onem,5
E1,E1.3,4,7,NA,ap,1,p,NA,onem,3
E1,E1.4,4,NA,NA,ap,1,p,NA,onem,6
E1,E1.5,4,5,NA,ap,1,p,NA,onem,4
E1,E1.6,4,5,NA,ap,1,p,NA,onem,1
E1,E1.7,4,0,NA,ap,1,p,NA,onem,2
E1,E1.8,4,3,NA,ap,1,p,NA,onem,4
E1,E1.9,4,4,NA,ap,0,ap,NA,ap,0
E1,E1.10,4,4,NA,ap,0,ap,NA,ap,0
E1,E1.11,4,5,NA,ap,1,p,NA,onem,1
E1,E1.12,4,6,NA,ap,0,ap,NA,ap,0
E1,E1.13,4,6,NA,ap,0,ap,NA,ap,0
E1,E1.14,4,2,NA,ap,1,p,NA,onem,1
E1,E1.15,4,NA,NA,ap,1,p,NA,onem,5
E1,E1.16,4,NA,NA,ap,1,p,NA,onem,1
E1,E1.17,4,9,NA,ap,0,ap,NA,ap,0
E1,E1.18,4,9,NA,ap,0,ap,NA,ap,0
E1,E1.19,4,4,NA,ap,1,p,NA,onem,1
E1,E1.20,4,NA,NA,ap,1,p,NA,onem,7
E1,E1.1,5,NA,NA,ap,1,p,NA,onem,3
E1,E1.2,5,NA,NA,ap,1,p,NA,onem,5
E1,E1.3,5,8,NA,ap,1,p,NA,onem,3
E1,E1.4,5,NA,NA,ap,1,p,NA,onem,6
E1,E1.5,5,7,NA,ap,1,p,NA,onem,4
E1,E1.6,5,4,NA,ap,1,p,NA,onem,1
E1,E1.7,5,0,NA,ap,1,p,NA,onem,2
E1,E1.8,5,7,NA,ap,1,p,NA,onem,4
E1,E1.9,5,2,NA,ap,0,ap,NA,ap,0
E1,E1.10,5,7,NA,ap,0,ap,NA,ap,0
E1,E1.11,5,9,NA,ap,1,p,NA,onem,1
E1,E1.12,5,10,NA,ap,0,ap,NA,ap,0
E1,E1.13,5,0,NA,ap,0,ap,NA,ap,0
E1,E1.14,5,7,NA,ap,1,p,NA,onem,1
E1,E1.15,5,NA,NA,ap,1,p,NA,onem,5
E1,E1.16,5,NA,NA,ap,1,p,NA,onem,1
E1,E1.17,5,3,NA,ap,0,ap,NA,ap,0
E1,E1.18,5,6,NA,ap,0,ap,NA,ap,0
E1,E1.19,5,10,NA,ap,1,p,NA,onem,1
E1,E1.20,5,NA,NA,ap,1,p,NA,onem,7
E1,E1.1,6,NA,NA,ap,1,p,NA,onem,3
E1,E1.2,6,NA,NA,ap,1,p,NA,onem,5
E1,E1.3,6,5,NA,ap,1,p,NA,onem,3
E1,E1.4,6,NA,NA,ap,1,p,NA,onem,6
E1,E1.5,6,5,NA,ap,1,p,NA,onem,4
E1,E1.6,6,3,NA,ap,1,p,NA,onem,1
E1,E1.7,6,NA,NA,ap,1,p,NA,onem,2
E1,E1.8,6,8,NA,ap,1,p,NA,onem,4
E1,E1.9,6,0,NA,ap,0,ap,NA,ap,0
E1,E1.10,6,10,NA,ap,0,ap,NA,ap,0
E1,E1.11,6,4,NA,ap,1,p,NA,onem,1
E1,E1.12,6,9,NA,ap,0,ap,NA,ap,0
E1,E1.13,6,1,NA,ap,0,ap,NA,ap,0
E1,E1.14,6,5,NA,ap,1,p,NA,onem,1
E1,E1.15,6,NA,NA,ap,1,p,NA,onem,5
E1,E1.16,6,NA,NA,ap,1,p,NA,onem,1
E1,E1.17,6,4,NA,ap,0,ap,NA,ap,0
E1,E1.18,6,9,NA,ap,0,ap,NA,ap,0
E1,E1.19,6,11,NA,ap,1,p,NA,onem,1
E1,E1.20,6,NA,NA,ap,1,p,NA,onem,7
E1,E1.1,7,NA,NA,ap,1,p,NA,onem,3
E1,E1.2,7,NA,NA,ap,1,p,NA,onem,5
E1,E1.3,7,6,NA,ap,1,p,NA,onem,3
E1,E1.4,7,NA,NA,ap,1,p,NA,onem,6
E1,E1.5,7,9,NA,ap,1,p,NA,onem,4
E1,E1.6,7,2,NA,ap,1,p,NA,onem,1
E1,E1.7,7,NA,NA,ap,1,p,NA,onem,2
E1,E1.8,7,4,NA,ap,1,p,NA,onem,4
E1,E1.9,7,0,NA,ap,0,ap,NA,ap,0
E1,E1.10,7,6,NA,ap,0,ap,NA,ap,0
E1,E1.11,7,10,NA,ap,1,p,NA,onem,1
E1,E1.12,7,7,NA,ap,0,ap,NA,ap,0
E1,E1.13,7,0,NA,ap,0,ap,NA,ap,0
E1,E1.14,7,6,NA,ap,1,p,NA,onem,1
E1,E1.15,7,NA,NA,ap,1,p,NA,onem,5
E1,E1.16,7,NA,NA,ap,1,p,NA,onem,1
E1,E1.17,7,8,NA,ap,0,ap,NA,ap,0
E1,E1.18,7,0,NA,ap,0,ap,NA,ap,0
E1,E1.19,7,9,NA,ap,1,p,NA,onem,1
E1,E1.20,7,NA,NA,ap,1,p,NA,onem,7
E1,E1.1,8,NA,NA,ap,1,p,NA,onem,3
E1,E1.2,8,NA,NA,ap,1,p,NA,onem,5
E1,E1.3,8,15,NA,ap,1,p,NA,onem,3
E1,E1.4,8,NA,NA,ap,1,p,NA,onem,6
E1,E1.5,8,4,NA,ap,1,p,NA,onem,4
E1,E1.6,8,9,NA,ap,1,p,NA,onem,1
E1,E1.7,8,NA,NA,ap,1,p,NA,onem,2
E1,E1.8,8,6,NA,ap,1,p,NA,onem,4
E1,E1.9,8,0,NA,ap,0,ap,NA,ap,0
E1,E1.10,8,8,NA,ap,0,ap,NA,ap,0
E1,E1.11,8,11,NA,ap,1,p,NA,onem,1
E1,E1.12,8,5,NA,ap,0,ap,NA,ap,0
E1,E1.13,8,6,NA,ap,0,ap,NA,ap,0
E1,E1.14,8,1,NA,ap,1,p,NA,onem,1
E1,E1.15,8,NA,NA,ap,1,p,NA,onem,5
E1,E1.16,8,NA,NA,ap,1,p,NA,onem,1
E1,E1.17,8,5,NA,ap,0,ap,NA,ap,0
E1,E1.18,8,4,NA,ap,0,ap,NA,ap,0
E1,E1.19,8,5,NA,ap,1,p,NA,onem,1
E1,E1.20,8,NA,NA,ap,1,p,NA,onem,7
E1,E1.1,9,NA,NA,ap,1,p,NA,onem,3
E1,E1.2,9,NA,NA,ap,1,p,NA,onem,5
E1,E1.3,9,7,NA,ap,1,p,NA,onem,3
E1,E1.4,9,NA,NA,ap,1,p,NA,onem,6
E1,E1.5,9,0,NA,ap,1,p,NA,onem,4
E1,E1.6,9,14,NA,ap,1,p,NA,onem,1
E1,E1.7,9,NA,NA,ap,1,p,NA,onem,2
E1,E1.8,9,2,NA,ap,1,p,NA,onem,4
E1,E1.9,9,0,NA,ap,0,ap,NA,ap,0
E1,E1.10,9,6,NA,ap,0,ap,NA,ap,0
E1,E1.11,9,4,NA,ap,1,p,NA,onem,1
E1,E1.12,9,0,NA,ap,0,ap,NA,ap,0
E1,E1.13,9,NA,NA,ap,0,ap,NA,ap,0
E1,E1.14,9,0,NA,ap,1,p,NA,onem,1
E1,E1.15,9,NA,NA,ap,1,p,NA,onem,5
E1,E1.16,9,NA,NA,ap,1,p,NA,onem,1
E1,E1.17,9,2,NA,ap,0,ap,NA,ap,0
E1,E1.18,9,10,NA,ap,0,ap,NA,ap,0
E1,E1.19,9,11,NA,ap,1,p,NA,onem,1
E1,E1.20,9,NA,NA,ap,1,p,NA,onem,7
E1,E1.1,10,NA,NA,ap,1,p,NA,onem,3
E1,E1.2,10,NA,NA,ap,1,p,NA,onem,5
E1,E1.3,10,8,NA,ap,1,p,NA,onem,3
E1,E1.4,10,NA,NA,ap,1,p,NA,onem,6
E1,E1.5,10,1,NA,ap,1,p,NA,onem,4
E1,E1.6,10,9,NA,ap,1,p,NA,onem,1
E1,E1.7,10,NA,NA,ap,1,p,NA,onem,2
E1,E1.8,10,0,NA,ap,1,p,NA,onem,4
E1,E1.9,10,0,NA,ap,0,ap,NA,ap,0
E1,E1.10,10,7,NA,ap,0,ap,NA,ap,0
E1,E1.11,10,0,NA,ap,1,p,NA,onem,1
E1,E1.12,10,1,NA,ap,0,ap,NA,ap,0
E1,E1.13,10,NA,NA,ap,0,ap,NA,ap,0
E1,E1.14,10,0,NA,ap,1,p,NA,onem,1
E1,E1.15,10,NA,NA,ap,1,p,NA,onem,5
E1,E1.16,10,NA,NA,ap,1,p,NA,onem,1
E1,E1.17,10,15,NA,ap,0,ap,NA,ap,0
E1,E1.18,10,6,NA,ap,0,ap,NA,ap,0
E1,E1.19,10,7,NA,ap,1,p,NA,onem,1
E1,E1.20,10,NA,NA,ap,1,p,NA,onem,7
E2,E2.1,1,0,NA,ap,0,ap,NA,ap,0
E2,E2.2,1,0,NA,ap,1,p,NA,onem,4
E2,E2.3,1,7,NA,ap,1,p,NA,onem,2
E2,E2.4,1,NA,NA,ap,0,ap,NA,ap,0
E2,E2.5,1,NA,NA,ap,1,p,NA,onem,1
E2,E2.6,1,8,NA,ap,1,p,NA,onem,1
E2,E2.7,1,0,NA,ap,1,p,NA,onem,2
E2,E2.8,1,0,NA,ap,0,ap,NA,ap,0
E2,E2.9,1,0,NA,ap,1,p,NA,onem,2
E2,E2.10,1,2,NA,ap,0,ap,NA,ap,0
E2,E2.11,1,9,NA,ap,1,p,NA,onem,2
E2,E2.12,1,0,NA,ap,1,p,NA,onem,6
E2,E2.13,1,0,NA,ap,1,p,NA,onem,7
E2,E2.14,1,1,NA,ap,1,p,NA,onem,2
E2,E2.15,1,6,NA,ap,1,p,NA,onem,2
E2,E2.16,1,6,NA,ap,0,ap,NA,ap,0
E2,E2.18,1,0,NA,ap,1,p,NA,onem,2
E2,E2.19,1,0,NA,ap,1,p,NA,onem,5
E2,E2.20,1,0,NA,NA,NA,NA,NA,NA,NA
E2,E2.1,2,0,NA,ap,0,ap,NA,ap,0
E2,E2.2,2,0,NA,ap,1,p,NA,onem,4
E2,E2.3,2,4,NA,ap,1,p,NA,onem,2
E2,E2.4,2,NA,NA,ap,0,ap,NA,ap,0
E2,E2.5,2,NA,NA,ap,1,p,NA,onem,1
E2,E2.6,2,5,NA,ap,1,p,NA,onem,1
E2,E2.7,2,0,NA,ap,1,p,NA,onem,2
E2,E2.8,2,3,NA,ap,0,ap,NA,ap,0
E2,E2.9,2,0,NA,ap,1,p,NA,onem,2
E2,E2.10,2,1,NA,ap,0,ap,NA,ap,0
E2,E2.11,2,8,NA,ap,1,p,NA,onem,2
E2,E2.12,2,NA,NA,ap,1,p,NA,onem,6
E2,E2.13,2,0,NA,ap,1,p,NA,onem,7
E2,E2.14,2,0,NA,ap,1,p,NA,onem,2
E2,E2.15,2,4,NA,ap,1,p,NA,onem,2
E2,E2.16,2,4,NA,ap,0,ap,NA,ap,0
E2,E2.18,2,2,NA,ap,1,p,NA,onem,2
E2,E2.19,2,1,NA,ap,1,p,NA,onem,5
E2,E2.20,2,NA,NA,NA,NA,NA,NA,NA,NA
E2,E2.1,3,1,NA,ap,0,ap,NA,ap,0
E2,E2.2,3,0,NA,ap,1,p,NA,onem,4
E2,E2.3,3,5,NA,ap,1,p,NA,onem,2
E2,E2.4,3,NA,NA,ap,0,ap,NA,ap,0
E2,E2.5,3,NA,NA,ap,1,p,NA,onem,1
E2,E2.6,3,5,NA,ap,1,p,NA,onem,1
E2,E2.7,3,3,NA,ap,1,p,NA,onem,2
E2,E2.8,3,4,NA,ap,0,ap,NA,ap,0
E2,E2.9,3,0,NA,ap,1,p,NA,onem,2
E2,E2.10,3,1,NA,ap,0,ap,NA,ap,0
E2,E2.11,3,8,NA,ap,1,p,NA,onem,2
E2,E2.12,3,NA,NA,ap,1,p,NA,onem,6
E2,E2.13,3,0,NA,ap,1,p,NA,onem,7
E2,E2.14,3,0,NA,ap,1,p,NA,onem,2
E2,E2.15,3,5,NA,ap,1,p,NA,onem,2
E2,E2.16,3,4,NA,ap,0,ap,NA,ap,0
E2,E2.18,3,2,NA,ap,1,p,NA,onem,2
E2,E2.19,3,1,NA,ap,1,p,NA,onem,5
E2,E2.20,3,NA,NA,NA,NA,NA,NA,NA,NA
E2,E2.1,4,1,NA,ap,0,ap,NA,ap,0
E2,E2.2,4,0,NA,ap,1,p,NA,onem,4
E2,E2.3,4,12,NA,ap,1,p,NA,onem,2
E2,E2.4,4,NA,NA,ap,0,ap,NA,ap,0
E2,E2.5,4,NA,NA,ap,1,p,NA,onem,1
E2,E2.6,4,4,NA,ap,1,p,NA,onem,1
E2,E2.7,4,5,NA,ap,1,p,NA,onem,2
E2,E2.8,4,7,NA,ap,0,ap,NA,ap,0
E2,E2.9,4,1,NA,ap,1,p,NA,onem,2
E2,E2.10,4,0,NA,ap,0,ap,NA,ap,0
E2,E2.11,4,5,NA,ap,1,p,NA,onem,2
E2,E2.12,4,NA,NA,ap,1,p,NA,onem,6
E2,E2.13,4,0,NA,ap,1,p,NA,onem,7
E2,E2.14,4,0,NA,ap,1,p,NA,onem,2
E2,E2.15,4,4,NA,ap,1,p,NA,onem,2
E2,E2.16,4,7,NA,ap,0,ap,NA,ap,0
E2,E2.18,4,3,NA,ap,1,p,NA,onem,2
E2,E2.19,4,2,NA,ap,1,p,NA,onem,5
E2,E2.20,4,NA,NA,NA,NA,NA,NA,NA,NA
E2,E2.1,5,0,NA,ap,0,ap,NA,ap,0
E2,E2.2,5,0,NA,ap,1,p,NA,onem,4
E2,E2.3,5,8,NA,ap,1,p,NA,onem,2
E2,E2.4,5,NA,NA,ap,0,ap,NA,ap,0
E2,E2.5,5,NA,NA,ap,1,p,NA,onem,1
E2,E2.6,5,9,NA,ap,1,p,NA,onem,1
E2,E2.7,5,6,NA,ap,1,p,NA,onem,2
E2,E2.8,5,8,NA,ap,0,ap,NA,ap,0
E2,E2.9,5,3,NA,ap,1,p,NA,onem,2
E2,E2.10,5,0,NA,ap,0,ap,NA,ap,0
E2,E2.11,5,0,NA,ap,1,p,NA,onem,2
E2,E2.12,5,NA,NA,ap,1,p,NA,onem,6
E2,E2.13,5,0,NA,ap,1,p,NA,onem,7
E2,E2.14,5,0,NA,ap,1,p,NA,onem,2
E2,E2.15,5,10,NA,ap,1,p,NA,onem,2
E2,E2.16,5,11,NA,ap,0,ap,NA,ap,0
E2,E2.18,5,4,NA,ap,1,p,NA,onem,2
E2,E2.19,5,1,NA,ap,1,p,NA,onem,5
E2,E2.20,5,NA,NA,NA,NA,NA,NA,NA,NA
E2,E2.1,6,0,NA,ap,0,ap,NA,ap,0
E2,E2.2,6,0,NA,ap,1,p,NA,onem,4
E2,E2.3,6,6,NA,ap,1,p,NA,onem,2
E2,E2.4,6,NA,NA,ap,0,ap,NA,ap,0
E2,E2.5,6,NA,NA,ap,1,p,NA,onem,1
E2,E2.6,6,11,NA,ap,1,p,NA,onem,1
E2,E2.7,6,3,NA,ap,1,p,NA,onem,2
E2,E2.8,6,2,NA,ap,0,ap,NA,ap,0
E2,E2.9,6,5,NA,ap,1,p,NA,onem,2
E2,E2.10,6,0,NA,ap,0,ap,NA,ap,0
E2,E2.11,6,0,NA,ap,1,p,NA,onem,2
E2,E2.12,6,NA,NA,ap,1,p,NA,onem,6
E2,E2.13,6,NA,NA,ap,1,p,NA,onem,7
E2,E2.14,6,0,NA,ap,1,p,NA,onem,2
E2,E2.15,6,7,NA,ap,1,p,NA,onem,2
E2,E2.16,6,9,NA,ap,0,ap,NA,ap,0
E2,E2.18,6,5,NA,ap,1,p,NA,onem,2
E2,E2.19,6,NA,NA,ap,1,p,NA,onem,5
E2,E2.20,6,NA,NA,NA,NA,NA,NA,NA,NA
E2,E2.1,7,0,NA,ap,0,ap,NA,ap,0
E2,E2.2,7,0,NA,ap,1,p,NA,onem,4
E2,E2.3,7,4,NA,ap,1,p,NA,onem,2
E2,E2.4,7,NA,NA,ap,0,ap,NA,ap,0
E2,E2.5,7,NA,NA,ap,1,p,NA,onem,1
E2,E2.6,7,5,NA,ap,1,p,NA,onem,1
E2,E2.7,7,4,NA,ap,1,p,NA,onem,2
E2,E2.8,7,7,NA,ap,0,ap,NA,ap,0
E2,E2.9,7,12,NA,ap,1,p,NA,onem,2
E2,E2.10,7,0,NA,ap,0,ap,NA,ap,0
E2,E2.11,7,0,NA,ap,1,p,NA,onem,2
E2,E2.12,7,NA,NA,ap,1,p,NA,onem,6
E2,E2.13,7,NA,NA,ap,1,p,NA,onem,7
E2,E2.14,7,0,NA,ap,1,p,NA,onem,2
E2,E2.15,7,9,NA,ap,1,p,NA,onem,2
E2,E2.16,7,6,NA,ap,0,ap,NA,ap,0
E2,E2.18,7,2,NA,ap,1,p,NA,onem,2
E2,E2.19,7,NA,NA,ap,1,p,NA,onem,5
E2,E2.20,7,NA,NA,NA,NA,NA,NA,NA,NA
E2,E2.1,8,0,NA,ap,0,ap,NA,ap,0
E2,E2.2,8,0,NA,ap,1,p,NA,onem,4
E2,E2.3,8,8,NA,ap,1,p,NA,onem,2
E2,E2.4,8,NA,NA,ap,0,ap,NA,ap,0
E2,E2.5,8,NA,NA,ap,1,p,NA,onem,1
E2,E2.6,8,10,NA,ap,1,p,NA,onem,1
E2,E2.7,8,3,NA,ap,1,p,NA,onem,2
E2,E2.8,8,6,NA,ap,0,ap,NA,ap,0
E2,E2.9,8,8,NA,ap,1,p,NA,onem,2
E2,E2.10,8,0,NA,ap,0,ap,NA,ap,0
E2,E2.11,8,0,NA,ap,1,p,NA,onem,2
E2,E2.12,8,NA,NA,ap,1,p,NA,onem,6
E2,E2.13,8,NA,NA,ap,1,p,NA,onem,7
E2,E2.14,8,0,NA,ap,1,p,NA,onem,2
E2,E2.15,8,9,NA,ap,1,p,NA,onem,2
E2,E2.16,8,10,NA,ap,0,ap,NA,ap,0
E2,E2.18,8,4,NA,ap,1,p,NA,onem,2
E2,E2.19,8,NA,NA,ap,1,p,NA,onem,5
E2,E2.20,8,NA,NA,NA,NA,NA,NA,NA,NA
E2,E2.1,9,0,NA,ap,0,ap,NA,ap,0
E2,E2.2,9,0,NA,ap,1,p,NA,onem,4
E2,E2.3,9,7,NA,ap,1,p,NA,onem,2
E2,E2.4,9,NA,NA,ap,0,ap,NA,ap,0
E2,E2.5,9,NA,NA,ap,1,p,NA,onem,1
E2,E2.6,9,7,NA,ap,1,p,NA,onem,1
E2,E2.7,9,4,NA,ap,1,p,NA,onem,2
E2,E2.8,9,3,NA,ap,0,ap,NA,ap,0
E2,E2.9,9,6,NA,ap,1,p,NA,onem,2
E2,E2.10,9,0,NA,ap,0,ap,NA,ap,0
E2,E2.11,9,NA,NA,ap,1,p,NA,onem,2
E2,E2.12,9,NA,NA,ap,1,p,NA,onem,6
E2,E2.13,9,NA,NA,ap,1,p,NA,onem,7
E2,E2.14,9,0,NA,ap,1,p,NA,onem,2
E2,E2.15,9,8,NA,ap,1,p,NA,onem,2
E2,E2.16,9,13,NA,ap,0,ap,NA,ap,0
E2,E2.18,9,1,NA,ap,1,p,NA,onem,2
E2,E2.19,9,NA,NA,ap,1,p,NA,onem,5
E2,E2.20,9,NA,NA,NA,NA,NA,NA,NA,NA
E2,E2.1,10,0,NA,ap,0,ap,NA,ap,0
E2,E2.2,10,0,NA,ap,1,p,NA,onem,4
E2,E2.3,10,7,NA,ap,1,p,NA,onem,2
E2,E2.4,10,NA,NA,ap,0,ap,NA,ap,0
E2,E2.5,10,NA,NA,ap,1,p,NA,onem,1
E2,E2.6,10,4,NA,ap,1,p,NA,onem,1
E2,E2.7,10,8,NA,ap,1,p,NA,onem,2
E2,E2.8,10,3,NA,ap,0,ap,NA,ap,0
E2,E2.9,10,13,NA,ap,1,p,NA,onem,2
E2,E2.10,10,0,NA,ap,0,ap,NA,ap,0
E2,E2.11,10,NA,NA,ap,1,p,NA,onem,2
E2,E2.12,10,NA,NA,ap,1,p,NA,onem,6
E2,E2.13,10,NA,NA,ap,1,p,NA,onem,7
E2,E2.14,10,0,NA,ap,1,p,NA,onem,2
E2,E2.15,10,9,NA,ap,1,p,NA,onem,2
E2,E2.16,10,6,NA,ap,0,ap,NA,ap,0
E2,E2.18,10,2,NA,ap,1,p,NA,onem,2
E2,E2.19,10,NA,NA,ap,1,p,NA,onem,5
E2,E2.20,10,NA,NA,NA,NA,NA,NA,NA,NA
E3,E3.1,1,9,NA,ap,0,ap,NA,ap,0
E3,E3.2,1,5,NA,ap,1,p,NA,onem,1
E3,E3.3,1,0,NA,ap,1,p,NA,onem,1
E3,E3.4,1,0,NA,ap,0,ap,NA,ap,0
E3,E3.5,1,6,NA,ap,1,p,NA,onem,1
E3,E3.6,1,0,NA,ap,0,ap,NA,ap,0
E3,E3.7,1,0,NA,ap,1,p,NA,onem,5
E3,E3.8,1,6,NA,ap,1,p,NA,onem,5
E3,E3.9,1,3,NA,ap,0,ap,NA,ap,0
E3,E3.10,1,1,NA,ap,1,p,NA,onem,1
E3,E3.11,1,1,NA,ap,1,p,NA,onem,1
E3,E3.12,1,2,NA,ap,0,ap,NA,ap,0
E3,E3.13,1,10,NA,ap,1,p,NA,onem,1
E3,E3.14,1,5,NA,ap,1,p,NA,onem,4
E3,E3.15,1,1,NA,ap,0,ap,NA,ap,0
E3,E3.16,1,5,NA,ap,1,p,NA,onem,1
E3,E3.17,1,7,NA,ap,0,ap,NA,ap,0
E3,E3.18,1,8,NA,ap,0,ap,NA,ap,0
E3,E3.19,1,8,NA,ap,0,ap,NA,ap,0
E3,E3.20,1,7,NA,ap,1,p,NA,onem,3
E3,E3.1,2,3,NA,ap,0,ap,NA,ap,0
E3,E3.2,2,4,NA,ap,1,p,NA,onem,1
E3,E3.3,2,0,NA,ap,1,p,NA,onem,1
E3,E3.4,2,2,NA,ap,0,ap,NA,ap,0
E3,E3.5,2,5,NA,ap,1,p,NA,onem,1
E3,E3.6,2,6,NA,ap,0,ap,NA,ap,0
E3,E3.7,2,0,NA,ap,1,p,NA,onem,5
E3,E3.8,2,3,NA,ap,1,p,NA,onem,5
E3,E3.9,2,3,NA,ap,0,ap,NA,ap,0
E3,E3.10,2,1,NA,ap,1,p,NA,onem,1
E3,E3.11,2,4,NA,ap,1,p,NA,onem,1
E3,E3.12,2,2,NA,ap,0,ap,NA,ap,0
E3,E3.13,2,7,NA,ap,1,p,NA,onem,1
E3,E3.14,2,1,NA,ap,1,p,NA,onem,4
E3,E3.15,2,3,NA,ap,0,ap,NA,ap,0
E3,E3.16,2,7,NA,ap,1,p,NA,onem,1
E3,E3.17,2,3,NA,ap,0,ap,NA,ap,0
E3,E3.18,2,6,NA,ap,0,ap,NA,ap,0
E3,E3.19,2,6,NA,ap,0,ap,NA,ap,0
E3,E3.20,2,6,NA,ap,1,p,NA,onem,3
E3,E3.1,3,11,NA,ap,0,ap,NA,ap,0
E3,E3.2,3,4,NA,ap,1,p,NA,onem,1
E3,E3.3,3,0,NA,ap,1,p,NA,onem,1
E3,E3.4,3,7,NA,ap,0,ap,NA,ap,0
E3,E3.5,3,7,NA,ap,1,p,NA,onem,1
E3,E3.6,3,6,NA,ap,0,ap,NA,ap,0
E3,E3.7,3,0,NA,ap,1,p,NA,onem,5
E3,E3.8,3,2,NA,ap,1,p,NA,onem,5
E3,E3.9,3,5,NA,ap,0,ap,NA,ap,0
E3,E3.10,3,5,NA,ap,1,p,NA,onem,1
E3,E3.11,3,7,NA,ap,1,p,NA,onem,1
E3,E3.12,3,4,NA,ap,0,ap,NA,ap,0
E3,E3.13,3,8,NA,ap,1,p,NA,onem,1
E3,E3.14,3,1,NA,ap,1,p,NA,onem,4
E3,E3.15,3,7,NA,ap,0,ap,NA,ap,0
E3,E3.16,3,7,NA,ap,1,p,NA,onem,1
E3,E3.17,3,6,NA,ap,0,ap,NA,ap,0
E3,E3.18,3,5,NA,ap,0,ap,NA,ap,0
E3,E3.19,3,5,NA,ap,0,ap,NA,ap,0
E3,E3.20,3,5,NA,ap,1,p,NA,onem,3
E3,E3.1,4,11,NA,ap,0,ap,NA,ap,0
E3,E3.2,4,5,NA,ap,1,p,NA,onem,1
E3,E3.3,4,0,NA,ap,1,p,NA,onem,1
E3,E3.4,4,6,NA,ap,0,ap,NA,ap,0
E3,E3.5,4,2,NA,ap,1,p,NA,onem,1
E3,E3.6,4,8,NA,ap,0,ap,NA,ap,0
E3,E3.7,4,0,NA,ap,1,p,NA,onem,5
E3,E3.8,4,4,NA,ap,1,p,NA,onem,5
E3,E3.9,4,6,NA,ap,0,ap,NA,ap,0
E3,E3.10,4,3,NA,ap,1,p,NA,onem,1
E3,E3.11,4,5,NA,ap,1,p,NA,onem,1
E3,E3.12,4,5,NA,ap,0,ap,NA,ap,0
E3,E3.13,4,11,NA,ap,1,p,NA,onem,1
E3,E3.14,4,NA,NA,ap,1,p,NA,onem,4
E3,E3.15,4,3,NA,ap,0,ap,NA,ap,0
E3,E3.16,4,9,NA,ap,1,p,NA,onem,1
E3,E3.17,4,7,NA,ap,0,ap,NA,ap,0
E3,E3.18,4,5,NA,ap,0,ap,NA,ap,0
E3,E3.19,4,5,NA,ap,0,ap,NA,ap,0
E3,E3.20,4,3,NA,ap,1,p,NA,onem,3
E3,E3.1,5,13,NA,ap,0,ap,NA,ap,0
E3,E3.2,5,5,NA,ap,1,p,NA,onem,1
E3,E3.3,5,0,NA,ap,1,p,NA,onem,1
E3,E3.4,5,4,NA,ap,0,ap,NA,ap,0
E3,E3.5,5,8,NA,ap,1,p,NA,onem,1
E3,E3.6,5,7,NA,ap,0,ap,NA,ap,0
E3,E3.7,5,0,NA,ap,1,p,NA,onem,5
E3,E3.8,5,NA,NA,ap,1,p,NA,onem,5
E3,E3.9,5,6,NA,ap,0,ap,NA,ap,0
E3,E3.10,5,4,NA,ap,1,p,NA,onem,1
E3,E3.11,5,7,NA,ap,1,p,NA,onem,1
E3,E3.12,5,8,NA,ap,0,ap,NA,ap,0
E3,E3.13,5,9,NA,ap,1,p,NA,onem,1
E3,E3.14,5,NA,NA,ap,1,p,NA,onem,4
E3,E3.15,5,9,NA,ap,0,ap,NA,ap,0
E3,E3.16,5,8,NA,ap,1,p,NA,onem,1
E3,E3.17,5,9,NA,ap,0,ap,NA,ap,0
E3,E3.18,5,10,NA,ap,0,ap,NA,ap,0
E3,E3.19,5,9,NA,ap,0,ap,NA,ap,0
E3,E3.20,5,9,NA,ap,1,p,NA,onem,3
E3,E3.1,6,9,NA,ap,0,ap,NA,ap,0
E3,E3.2,6,4,NA,ap,1,p,NA,onem,1
E3,E3.3,6,8,NA,ap,1,p,NA,onem,1
E3,E3.4,6,5,NA,ap,0,ap,NA,ap,0
E3,E3.5,6,5,NA,ap,1,p,NA,onem,1
E3,E3.6,6,6,NA,ap,0,ap,NA,ap,0
E3,E3.7,6,0,NA,ap,1,p,NA,onem,5
E3,E3.8,6,NA,NA,ap,1,p,NA,onem,5
E3,E3.9,6,5,NA,ap,0,ap,NA,ap,0
E3,E3.10,6,1,NA,ap,1,p,NA,onem,1
E3,E3.11,6,5,NA,ap,1,p,NA,onem,1
E3,E3.12,6,9,NA,ap,0,ap,NA,ap,0
E3,E3.13,6,10,NA,ap,1,p,NA,onem,1
E3,E3.14,6,NA,NA,ap,1,p,NA,onem,4
E3,E3.15,6,7,NA,ap,0,ap,NA,ap,0
E3,E3.16,6,3,NA,ap,1,p,NA,onem,1
E3,E3.17,6,7,NA,ap,0,ap,NA,ap,0
E3,E3.18,6,7,NA,ap,0,ap,NA,ap,0
E3,E3.19,6,6,NA,ap,0,ap,NA,ap,0
E3,E3.20,6,7,NA,ap,1,p,NA,onem,3
E3,E3.1,7,9,NA,ap,0,ap,NA,ap,0
E3,E3.2,7,NA,NA,ap,1,p,NA,onem,1
E3,E3.3,7,7,NA,ap,1,p,NA,onem,1
E3,E3.4,7,2,NA,ap,0,ap,NA,ap,0
E3,E3.5,7,4,NA,ap,1,p,NA,onem,1
E3,E3.6,7,2,NA,ap,0,ap,NA,ap,0
E3,E3.7,7,0,NA,ap,1,p,NA,onem,5
E3,E3.8,7,NA,NA,ap,1,p,NA,onem,5
E3,E3.9,7,8,NA,ap,0,ap,NA,ap,0
E3,E3.10,7,5,NA,ap,1,p,NA,onem,1
E3,E3.11,7,0,NA,ap,1,p,NA,onem,1
E3,E3.12,7,7,NA,ap,0,ap,NA,ap,0
E3,E3.13,7,14,NA,ap,1,p,NA,onem,1
E3,E3.14,7,NA,NA,ap,1,p,NA,onem,4
E3,E3.15,7,10,NA,ap,0,ap,NA,ap,0
E3,E3.16,7,5,NA,ap,1,p,NA,onem,1
E3,E3.17,7,9,NA,ap,0,ap,NA,ap,0
E3,E3.18,7,6,NA,ap,0,ap,NA,ap,0
E3,E3.19,7,1,NA,ap,0,ap,NA,ap,0
E3,E3.20,7,10,NA,ap,1,p,NA,onem,3
E3,E3.1,8,13,NA,ap,0,ap,NA,ap,0
E3,E3.2,8,NA,NA,ap,1,p,NA,onem,1
E3,E3.3,8,7,NA,ap,1,p,NA,onem,1
E3,E3.4,8,2,NA,ap,0,ap,NA,ap,0
E3,E3.5,8,0,NA,ap,1,p,NA,onem,1
E3,E3.6,8,2,NA,ap,0,ap,NA,ap,0
E3,E3.7,8,1,NA,ap,1,p,NA,onem,5
E3,E3.8,8,NA,NA,ap,1,p,NA,onem,5
E3,E3.9,8,8,NA,ap,0,ap,NA,ap,0
E3,E3.10,8,2,NA,ap,1,p,NA,onem,1
E3,E3.11,8,1,NA,ap,1,p,NA,onem,1
E3,E3.12,8,8,NA,ap,0,ap,NA,ap,0
E3,E3.13,8,14,NA,ap,1,p,NA,onem,1
E3,E3.14,8,NA,NA,ap,1,p,NA,onem,4
E3,E3.15,8,8,NA,ap,0,ap,NA,ap,0
E3,E3.16,8,6,NA,ap,1,p,NA,onem,1
E3,E3.17,8,4,NA,ap,0,ap,NA,ap,0
E3,E3.18,8,5,NA,ap,0,ap,NA,ap,0
E3,E3.19,8,2,NA,ap,0,ap,NA,ap,0
E3,E3.20,8,6,NA,ap,1,p,NA,onem,3
E3,E3.1,9,6,NA,ap,0,ap,NA,ap,0
E3,E3.2,9,NA,NA,ap,1,p,NA,onem,1
E3,E3.3,9,5,NA,ap,1,p,NA,onem,1
E3,E3.4,9,4,NA,ap,0,ap,NA,ap,0
E3,E3.5,9,1,NA,ap,1,p,NA,onem,1
E3,E3.6,9,4,NA,ap,0,ap,NA,ap,0
E3,E3.7,9,0,NA,ap,1,p,NA,onem,5
E3,E3.8,9,NA,NA,ap,1,p,NA,onem,5
E3,E3.9,9,3,NA,ap,0,ap,NA,ap,0
E3,E3.10,9,2,NA,ap,1,p,NA,onem,1
E3,E3.11,9,2,NA,ap,1,p,NA,onem,1
E3,E3.12,9,14,NA,ap,0,ap,NA,ap,0
E3,E3.13,9,8,NA,ap,1,p,NA,onem,1
E3,E3.14,9,NA,NA,ap,1,p,NA,onem,4
E3,E3.15,9,4,NA,ap,0,ap,NA,ap,0
E3,E3.16,9,5,NA,ap,1,p,NA,onem,1
E3,E3.17,9,2,NA,ap,0,ap,NA,ap,0
E3,E3.18,9,13,NA,ap,0,ap,NA,ap,0
E3,E3.19,9,3,NA,ap,0,ap,NA,ap,0
E3,E3.20,9,1,NA,ap,1,p,NA,onem,3
E3,E3.1,10,12,NA,ap,0,ap,NA,ap,0
E3,E3.2,10,NA,NA,ap,1,p,NA,onem,1
E3,E3.3,10,4,NA,ap,1,p,NA,onem,1
E3,E3.4,10,4,NA,ap,0,ap,NA,ap,0
E3,E3.5,10,0,NA,ap,1,p,NA,onem,1
E3,E3.6,10,0,NA,ap,0,ap,NA,ap,0
E3,E3.7,10,NA,NA,ap,1,p,NA,onem,5
E3,E3.8,10,NA,NA,ap,1,p,NA,onem,5
E3,E3.9,10,4,NA,ap,0,ap,NA,ap,0
E3,E3.10,10,1,NA,ap,1,p,NA,onem,1
E3,E3.11,10,3,NA,ap,1,p,NA,onem,1
E3,E3.12,10,10,NA,ap,0,ap,NA,ap,0
E3,E3.13,10,10,NA,ap,1,p,NA,onem,1
E3,E3.14,10,NA,NA,ap,1,p,NA,onem,4
E3,E3.15,10,5,NA,ap,0,ap,NA,ap,0
E3,E3.16,10,12,NA,ap,1,p,NA,onem,1
E3,E3.17,10,1,NA,ap,0,ap,NA,ap,0
E3,E3.18,10,9,NA,ap,0,ap,NA,ap,0
E3,E3.19,10,4,NA,ap,0,ap,NA,ap,0
E3,E3.20,10,4,NA,ap,1,p,NA,onem,3
S,S1,1,8,0,ap,NA,ap,NA,ap,NA
S,S2,1,8,1,p,NA,ap,NA,ones,NA
S,S3,1,5,0,ap,NA,ap,NA,ap,NA
S,S4,1,3,0,ap,NA,ap,NA,ap,NA
S,S5,1,2,0,ap,NA,ap,NA,ap,NA
S,S6,1,7,0,ap,NA,ap,NA,ap,NA
S,S7,1,7,1,p,NA,ap,NA,ones,NA
S,S8,1,1,0,ap,NA,ap,NA,ap,NA
S,S9,1,3,1,p,NA,ap,NA,ones,NA
S,S10,1,9,0,ap,NA,ap,NA,ap,NA
S,S11,1,9,1,p,NA,ap,NA,ones,NA
S,S12,1,10,1,p,NA,ap,NA,ones,NA
S,S13,1,NA,0,ap,NA,ap,NA,ap,NA
S,S14,1,8,0,ap,NA,ap,NA,ap,NA
S,S15,1,8,1,p,NA,ap,NA,ones,NA
S,S16,1,0,1,p,NA,ap,NA,ones,NA
S,S17,1,4,0,ap,NA,ap,NA,ap,NA
S,S18,1,6,1,p,NA,ap,NA,ones,NA
S,S19,1,10,0,ap,NA,ap,NA,ap,NA
S,S20,1,7,0,ap,NA,ap,NA,ap,NA
S,S21,1,7,1,p,NA,ap,NA,ones,NA
S,S22,1,7,1,p,NA,ap,NA,ones,NA
S,S23,1,6,1,p,NA,ap,NA,ones,NA
S,S24,1,5,1,p,NA,ap,NA,ones,NA
S,S25,1,0,0,ap,NA,ap,NA,ap,NA
S,S26,1,6,1,p,NA,ap,NA,ones,NA
S,S27,1,6,1,p,NA,ap,NA,ones,NA
S,S28,1,2,1,p,NA,ap,NA,ones,NA
S,S29,1,5,0,ap,NA,ap,NA,ap,NA
S,S30,1,NA,0,ap,NA,ap,NA,ap,NA
S,S31,1,6,1,p,NA,ap,NA,ones,NA
S,S32,1,6,0,ap,NA,ap,NA,ap,NA
S,S33,1,5,0,ap,NA,ap,NA,ap,NA
S,S34,1,8,1,p,NA,ap,NA,ones,NA
S,S35,1,7,0,ap,NA,ap,NA,ap,NA
S,S36,1,10,0,ap,NA,ap,NA,ap,NA
S,S37,1,0,0,ap,NA,ap,NA,ap,NA
S,S38,1,5,1,p,NA,ap,NA,ones,NA
S,S39,1,2,0,ap,NA,ap,NA,ap,NA
S,S40,1,10,0,ap,NA,ap,NA,ap,NA
S,S1,2,3,0,ap,NA,ap,NA,ap,NA
S,S2,2,6,1,p,NA,ap,NA,ones,NA
S,S3,2,NA,0,ap,NA,ap,NA,ap,NA
S,S4,2,0,0,ap,NA,ap,NA,ap,NA
S,S5,2,0,0,ap,NA,ap,NA,ap,NA
S,S6,2,2,0,ap,NA,ap,NA,ap,NA
S,S7,2,5,1,p,NA,ap,NA,ones,NA
S,S8,2,0,0,ap,NA,ap,NA,ap,NA
S,S9,2,2,1,p,NA,ap,NA,ones,NA
S,S10,2,5,0,ap,NA,ap,NA,ap,NA
S,S11,2,7,1,p,NA,ap,NA,ones,NA
S,S12,2,5,1,p,NA,ap,NA,ones,NA
S,S13,2,NA,0,ap,NA,ap,NA,ap,NA
S,S14,2,4,0,ap,NA,ap,NA,ap,NA
S,S15,2,3,1,p,NA,ap,NA,ones,NA
S,S16,2,2,1,p,NA,ap,NA,ones,NA
S,S17,2,4,0,ap,NA,ap,NA,ap,NA
S,S18,2,2,1,p,NA,ap,NA,ones,NA
S,S19,2,5,0,ap,NA,ap,NA,ap,NA
S,S20,2,5,0,ap,NA,ap,NA,ap,NA
S,S21,2,9,1,p,NA,ap,NA,ones,NA
S,S22,2,4,1,p,NA,ap,NA,ones,NA
S,S23,2,2,1,p,NA,ap,NA,ones,NA
S,S24,2,5,1,p,NA,ap,NA,ones,NA
S,S25,2,NA,0,ap,NA,ap,NA,ap,NA
S,S26,2,6,1,p,NA,ap,NA,ones,NA
S,S27,2,4,1,p,NA,ap,NA,ones,NA
S,S28,2,0,1,p,NA,ap,NA,ones,NA
S,S29,2,3,0,ap,NA,ap,NA,ap,NA
S,S30,2,NA,0,ap,NA,ap,NA,ap,NA
S,S31,2,4,1,p,NA,ap,NA,ones,NA
S,S32,2,4,0,ap,NA,ap,NA,ap,NA
S,S33,2,3,0,ap,NA,ap,NA,ap,NA
S,S34,2,3,1,p,NA,ap,NA,ones,NA
S,S35,2,4,0,ap,NA,ap,NA,ap,NA
S,S36,2,8,0,ap,NA,ap,NA,ap,NA
S,S37,2,3,0,ap,NA,ap,NA,ap,NA
S,S38,2,2,1,p,NA,ap,NA,ones,NA
S,S39,2,NA,0,ap,NA,ap,NA,ap,NA
S,S40,2,9,0,ap,NA,ap,NA,ap,NA
S,S1,3,5,0,ap,NA,ap,NA,ap,NA
S,S2,3,8,1,p,NA,ap,NA,ones,NA
S,S3,3,NA,0,ap,NA,ap,NA,ap,NA
S,S4,3,2,0,ap,NA,ap,NA,ap,NA
S,S5,3,0,0,ap,NA,ap,NA,ap,NA
S,S6,3,3,0,ap,NA,ap,NA,ap,NA
S,S7,3,8,1,p,NA,ap,NA,ones,NA
S,S8,3,1,0,ap,NA,ap,NA,ap,NA
S,S9,3,5,1,p,NA,ap,NA,ones,NA
S,S10,3,7,0,ap,NA,ap,NA,ap,NA
S,S11,3,6,1,p,NA,ap,NA,ones,NA
S,S12,3,6,1,p,NA,ap,NA,ones,NA
S,S13,3,NA,0,ap,NA,ap,NA,ap,NA
S,S14,3,7,0,ap,NA,ap,NA,ap,NA
S,S15,3,4,1,p,NA,ap,NA,ones,NA
S,S16,3,0,1,p,NA,ap,NA,ones,NA
S,S17,3,6,0,ap,NA,ap,NA,ap,NA
S,S18,3,6,1,p,NA,ap,NA,ones,NA
S,S19,3,6,0,ap,NA,ap,NA,ap,NA
S,S20,3,6,0,ap,NA,ap,NA,ap,NA
S,S21,3,6,1,p,NA,ap,NA,ones,NA
S,S22,3,4,1,p,NA,ap,NA,ones,NA
S,S23,3,3,1,p,NA,ap,NA,ones,NA
S,S24,3,2,1,p,NA,ap,NA,ones,NA
S,S25,3,NA,0,ap,NA,ap,NA,ap,NA
S,S26,3,4,1,p,NA,ap,NA,ones,NA
S,S27,3,3,1,p,NA,ap,NA,ones,NA
S,S28,3,2,1,p,NA,ap,NA,ones,NA
S,S29,3,0,0,ap,NA,ap,NA,ap,NA
S,S30,3,NA,0,ap,NA,ap,NA,ap,NA
S,S31,3,3,1,p,NA,ap,NA,ones,NA
S,S32,3,7,0,ap,NA,ap,NA,ap,NA
S,S33,3,4,0,ap,NA,ap,NA,ap,NA
S,S34,3,6,1,p,NA,ap,NA,ones,NA
S,S35,3,4,0,ap,NA,ap,NA,ap,NA
S,S36,3,7,0,ap,NA,ap,NA,ap,NA
S,S37,3,5,0,ap,NA,ap,NA,ap,NA
S,S38,3,5,1,p,NA,ap,NA,ones,NA
S,S39,3,NA,0,ap,NA,ap,NA,ap,NA
S,S40,3,7,0,ap,NA,ap,NA,ap,NA
S,S1,4,6,0,ap,NA,ap,NA,ap,NA
S,S2,4,2,1,p,NA,ap,NA,ones,NA
S,S3,4,NA,0,ap,NA,ap,NA,ap,NA
S,S4,4,1,0,ap,NA,ap,NA,ap,NA
S,S5,4,NA,0,ap,NA,ap,NA,ap,NA
S,S6,4,3,0,ap,NA,ap,NA,ap,NA
S,S7,4,3,1,p,NA,ap,NA,ones,NA
S,S8,4,0,0,ap,NA,ap,NA,ap,NA
S,S9,4,3,1,p,NA,ap,NA,ones,NA
S,S10,4,8,0,ap,NA,ap,NA,ap,NA
S,S11,4,1,1,p,NA,ap,NA,ones,NA
S,S12,4,4,1,p,NA,ap,NA,ones,NA
S,S13,4,NA,0,ap,NA,ap,NA,ap,NA
S,S14,4,4,0,ap,NA,ap,NA,ap,NA
S,S15,4,1,1,p,NA,ap,NA,ones,NA
S,S16,4,0,1,p,NA,ap,NA,ones,NA
S,S17,4,7,0,ap,NA,ap,NA,ap,NA
S,S18,4,6,1,p,NA,ap,NA,ones,NA
S,S19,4,6,0,ap,NA,ap,NA,ap,NA
S,S20,4,8,0,ap,NA,ap,NA,ap,NA
S,S21,4,0,1,p,NA,ap,NA,ones,NA
S,S22,4,2,1,p,NA,ap,NA,ones,NA
S,S23,4,4,1,p,NA,ap,NA,ones,NA
S,S24,4,2,1,p,NA,ap,NA,ones,NA
S,S25,4,NA,0,ap,NA,ap,NA,ap,NA
S,S26,4,1,1,p,NA,ap,NA,ones,NA
S,S27,4,1,1,p,NA,ap,NA,ones,NA
S,S28,4,3,1,p,NA,ap,NA,ones,NA
S,S29,4,NA,0,ap,NA,ap,NA,ap,NA
S,S30,4,NA,0,ap,NA,ap,NA,ap,NA
S,S31,4,2,1,p,NA,ap,NA,ones,NA
S,S32,4,7,0,ap,NA,ap,NA,ap,NA
S,S33,4,5,0,ap,NA,ap,NA,ap,NA
S,S34,4,3,1,p,NA,ap,NA,ones,NA
S,S35,4,5,0,ap,NA,ap,NA,ap,NA
S,S36,4,8,0,ap,NA,ap,NA,ap,NA
S,S37,4,2,0,ap,NA,ap,NA,ap,NA
S,S38,4,2,1,p,NA,ap,NA,ones,NA
S,S39,4,NA,0,ap,NA,ap,NA,ap,NA
S,S40,4,5,0,ap,NA,ap,NA,ap,NA
S,S1,5,12,0,ap,NA,ap,NA,ap,NA
S,S2,5,0,1,p,NA,ap,NA,ones,NA
S,S3,5,NA,0,ap,NA,ap,NA,ap,NA
S,S4,5,2,0,ap,NA,ap,NA,ap,NA
S,S5,5,NA,0,ap,NA,ap,NA,ap,NA
S,S6,5,NA,0,ap,NA,ap,NA,ap,NA
S,S7,5,0,1,p,NA,ap,NA,ones,NA
S,S8,5,NA,0,ap,NA,ap,NA,ap,NA
S,S9,5,1,1,p,NA,ap,NA,ones,NA
S,S10,5,14,0,ap,NA,ap,NA,ap,NA
S,S11,5,3,1,p,NA,ap,NA,ones,NA
S,S12,5,0,1,p,NA,ap,NA,ones,NA
S,S13,5,NA,0,ap,NA,ap,NA,ap,NA
S,S14,5,7,0,ap,NA,ap,NA,ap,NA
S,S15,5,3,1,p,NA,ap,NA,ones,NA
S,S16,5,0,1,p,NA,ap,NA,ones,NA
S,S17,5,10,0,ap,NA,ap,NA,ap,NA
S,S18,5,5,1,p,NA,ap,NA,ones,NA
S,S19,5,6,0,ap,NA,ap,NA,ap,NA
S,S20,5,11,0,ap,NA,ap,NA,ap,NA
S,S21,5,0,1,p,NA,ap,NA,ones,NA
S,S22,5,2,1,p,NA,ap,NA,ones,NA
S,S23,5,0,1,p,NA,ap,NA,ones,NA
S,S24,5,2,1,p,NA,ap,NA,ones,NA
S,S25,5,NA,0,ap,NA,ap,NA,ap,NA
S,S26,5,0,1,p,NA,ap,NA,ones,NA
S,S27,5,0,1,p,NA,ap,NA,ones,NA
S,S28,5,6,1,p,NA,ap,NA,ones,NA
S,S29,5,NA,0,ap,NA,ap,NA,ap,NA
S,S30,5,NA,0,ap,NA,ap,NA,ap,NA
S,S31,5,0,1,p,NA,ap,NA,ones,NA
S,S32,5,11,0,ap,NA,ap,NA,ap,NA
S,S33,5,8,0,ap,NA,ap,NA,ap,NA
S,S34,5,3,1,p,NA,ap,NA,ones,NA
S,S35,5,10,0,ap,NA,ap,NA,ap,NA
S,S36,5,10,0,ap,NA,ap,NA,ap,NA
S,S37,5,7,0,ap,NA,ap,NA,ap,NA
S,S38,5,0,1,p,NA,ap,NA,ones,NA
S,S39,5,NA,0,ap,NA,ap,NA,ap,NA
S,S40,5,9,0,ap,NA,ap,NA,ap,NA
S,S1,6,6,0,ap,NA,ap,NA,ap,NA
S,S2,6,0,1,p,NA,ap,NA,ones,NA
S,S3,6,NA,0,ap,NA,ap,NA,ap,NA
S,S4,6,1,0,ap,NA,ap,NA,ap,NA
S,S5,6,NA,0,ap,NA,ap,NA,ap,NA
S,S6,6,NA,0,ap,NA,ap,NA,ap,NA
S,S7,6,0,1,p,NA,ap,NA,ones,NA
S,S8,6,NA,0,ap,NA,ap,NA,ap,NA
S,S9,6,0,1,p,NA,ap,NA,ones,NA
S,S10,6,11,0,ap,NA,ap,NA,ap,NA
S,S11,6,0,1,p,NA,ap,NA,ones,NA
S,S12,6,0,1,p,NA,ap,NA,ones,NA
S,S13,6,NA,0,ap,NA,ap,NA,ap,NA
S,S14,6,5,0,ap,NA,ap,NA,ap,NA
S,S15,6,0,1,p,NA,ap,NA,ones,NA
S,S16,6,0,1,p,NA,ap,NA,ones,NA
S,S17,6,7,0,ap,NA,ap,NA,ap,NA
S,S18,6,2,1,p,NA,ap,NA,ones,NA
S,S19,6,9,0,ap,NA,ap,NA,ap,NA
S,S20,6,2,0,ap,NA,ap,NA,ap,NA
S,S21,6,0,1,p,NA,ap,NA,ones,NA
S,S22,6,1,1,p,NA,ap,NA,ones,NA
S,S23,6,0,1,p,NA,ap,NA,ones,NA
S,S24,6,0,1,p,NA,ap,NA,ones,NA
S,S25,6,NA,0,ap,NA,ap,NA,ap,NA
S,S26,6,0,1,p,NA,ap,NA,ones,NA
S,S27,6,0,1,p,NA,ap,NA,ones,NA
S,S28,6,0,1,p,NA,ap,NA,ones,NA
S,S29,6,NA,0,ap,NA,ap,NA,ap,NA
S,S30,6,NA,0,ap,NA,ap,NA,ap,NA
S,S31,6,0,1,p,NA,ap,NA,ones,NA
S,S32,6,10,0,ap,NA,ap,NA,ap,NA
S,S33,6,5,0,ap,NA,ap,NA,ap,NA
S,S34,6,2,1,p,NA,ap,NA,ones,NA
S,S35,6,9,0,ap,NA,ap,NA,ap,NA
S,S36,6,15,0,ap,NA,ap,NA,ap,NA
S,S37,6,3,0,ap,NA,ap,NA,ap,NA
S,S38,6,NA,1,p,NA,ap,NA,ones,NA
S,S39,6,NA,0,ap,NA,ap,NA,ap,NA
S,S40,6,14,0,ap,NA,ap,NA,ap,NA
S,S1,7,3,0,ap,NA,ap,NA,ap,NA
S,S2,7,0,1,p,NA,ap,NA,ones,NA
S,S3,7,NA,0,ap,NA,ap,NA,ap,NA
S,S4,7,1,0,ap,NA,ap,NA,ap,NA
S,S5,7,NA,0,ap,NA,ap,NA,ap,NA
S,S6,7,NA,0,ap,NA,ap,NA,ap,NA
S,S7,7,0,1,p,NA,ap,NA,ones,NA
S,S8,7,NA,0,ap,NA,ap,NA,ap,NA
S,S9,7,0,1,p,NA,ap,NA,ones,NA
S,S10,7,11,0,ap,NA,ap,NA,ap,NA
S,S11,7,0,1,p,NA,ap,NA,ones,NA
S,S12,7,0,1,p,NA,ap,NA,ones,NA
S,S13,7,NA,0,ap,NA,ap,NA,ap,NA
S,S14,7,2,0,ap,NA,ap,NA,ap,NA
S,S15,7,0,1,p,NA,ap,NA,ones,NA
S,S16,7,0,1,p,NA,ap,NA,ones,NA
S,S17,7,2,0,ap,NA,ap,NA,ap,NA
S,S18,7,1,1,p,NA,ap,NA,ones,NA
S,S19,7,13,0,ap,NA,ap,NA,ap,NA
S,S20,7,0,0,ap,NA,ap,NA,ap,NA
S,S21,7,NA,1,p,NA,ap,NA,ones,NA
S,S22,7,0,1,p,NA,ap,NA,ones,NA
S,S23,7,0,1,p,NA,ap,NA,ones,NA
S,S24,7,0,1,p,NA,ap,NA,ones,NA
S,S25,7,NA,0,ap,NA,ap,NA,ap,NA
S,S26,7,0,1,p,NA,ap,NA,ones,NA
S,S27,7,0,1,p,NA,ap,NA,ones,NA
S,S28,7,0,1,p,NA,ap,NA,ones,NA
S,S29,7,NA,0,ap,NA,ap,NA,ap,NA
S,S30,7,NA,0,ap,NA,ap,NA,ap,NA
S,S31,7,0,1,p,NA,ap,NA,ones,NA
S,S32,7,1,0,ap,NA,ap,NA,ap,NA
S,S33,7,7,0,ap,NA,ap,NA,ap,NA
S,S34,7,2,1,p,NA,ap,NA,ones,NA
S,S35,7,9,0,ap,NA,ap,NA,ap,NA
S,S36,7,9,0,ap,NA,ap,NA,ap,NA
S,S37,7,1,0,ap,NA,ap,NA,ap,NA
S,S38,7,NA,1,p,NA,ap,NA,ones,NA
S,S39,7,NA,0,ap,NA,ap,NA,ap,NA
S,S40,7,11,0,ap,NA,ap,NA,ap,NA
S,S1,8,0,0,ap,NA,ap,NA,ap,NA
S,S2,8,NA,1,p,NA,ap,NA,ones,NA
S,S3,8,NA,0,ap,NA,ap,NA,ap,NA
S,S4,8,0,0,ap,NA,ap,NA,ap,NA
S,S5,8,NA,0,ap,NA,ap,NA,ap,NA
S,S6,8,NA,0,ap,NA,ap,NA,ap,NA
S,S7,8,1,1,p,NA,ap,NA,ones,NA
S,S8,8,NA,0,ap,NA,ap,NA,ap,NA
S,S9,8,NA,1,p,NA,ap,NA,ones,NA
S,S10,8,3,0,ap,NA,ap,NA,ap,NA
S,S11,8,0,1,p,NA,ap,NA,ones,NA
S,S12,8,0,1,p,NA,ap,NA,ones,NA
S,S13,8,NA,0,ap,NA,ap,NA,ap,NA
S,S14,8,3,0,ap,NA,ap,NA,ap,NA
S,S15,8,0,1,p,NA,ap,NA,ones,NA
S,S16,8,0,1,p,NA,ap,NA,ones,NA
S,S17,8,5,0,ap,NA,ap,NA,ap,NA
S,S18,8,0,1,p,NA,ap,NA,ones,NA
S,S19,8,7,0,ap,NA,ap,NA,ap,NA
S,S20,8,0,0,ap,NA,ap,NA,ap,NA
S,S21,8,NA,1,p,NA,ap,NA,ones,NA
S,S22,8,0,1,p,NA,ap,NA,ones,NA
S,S23,8,0,1,p,NA,ap,NA,ones,NA
S,S24,8,0,1,p,NA,ap,NA,ones,NA
S,S25,8,NA,0,ap,NA,ap,NA,ap,NA
S,S26,8,NA,1,p,NA,ap,NA,ones,NA
S,S27,8,0,1,p,NA,ap,NA,ones,NA
S,S28,8,0,1,p,NA,ap,NA,ones,NA
S,S29,8,NA,0,ap,NA,ap,NA,ap,NA
S,S30,8,NA,0,ap,NA,ap,NA,ap,NA
S,S31,8,0,1,p,NA,ap,NA,ones,NA
S,S32,8,0,0,ap,NA,ap,NA,ap,NA
S,S33,8,6,0,ap,NA,ap,NA,ap,NA
S,S34,8,0,1,p,NA,ap,NA,ones,NA
S,S35,8,7,0,ap,NA,ap,NA,ap,NA
S,S36,8,7,0,ap,NA,ap,NA,ap,NA
S,S37,8,NA,0,ap,NA,ap,NA,ap,NA
S,S38,8,NA,1,p,NA,ap,NA,ones,NA
S,S39,8,NA,0,ap,NA,ap,NA,ap,NA
S,S40,8,10,0,ap,NA,ap,NA,ap,NA
S,S1,9,0,0,ap,NA,ap,NA,ap,NA
S,S2,9,NA,1,p,NA,ap,NA,ones,NA
S,S3,9,NA,0,ap,NA,ap,NA,ap,NA
S,S4,9,0,0,ap,NA,ap,NA,ap,NA
S,S5,9,NA,0,ap,NA,ap,NA,ap,NA
S,S6,9,NA,0,ap,NA,ap,NA,ap,NA
S,S7,9,NA,1,p,NA,ap,NA,ones,NA
S,S8,9,NA,0,ap,NA,ap,NA,ap,NA
S,S9,9,NA,1,p,NA,ap,NA,ones,NA
S,S10,9,7,0,ap,NA,ap,NA,ap,NA
S,S11,9,0,1,p,NA,ap,NA,ones,NA
S,S12,9,0,1,p,NA,ap,NA,ones,NA
S,S13,9,NA,0,ap,NA,ap,NA,ap,NA
S,S14,9,3,0,ap,NA,ap,NA,ap,NA
S,S15,9,0,1,p,NA,ap,NA,ones,NA
S,S16,9,0,1,p,NA,ap,NA,ones,NA
S,S17,9,1,0,ap,NA,ap,NA,ap,NA
S,S18,9,0,1,p,NA,ap,NA,ones,NA
S,S19,9,11,0,ap,NA,ap,NA,ap,NA
S,S20,9,0,0,ap,NA,ap,NA,ap,NA
S,S21,9,NA,1,p,NA,ap,NA,ones,NA
S,S22,9,NA,1,p,NA,ap,NA,ones,NA
S,S23,9,NA,1,p,NA,ap,NA,ones,NA
S,S24,9,0,1,p,NA,ap,NA,ones,NA
S,S25,9,NA,0,ap,NA,ap,NA,ap,NA
S,S26,9,NA,1,p,NA,ap,NA,ones,NA
S,S27,9,0,1,p,NA,ap,NA,ones,NA
S,S28,9,0,1,p,NA,ap,NA,ones,NA
S,S29,9,NA,0,ap,NA,ap,NA,ap,NA
S,S30,9,NA,0,ap,NA,ap,NA,ap,NA
S,S31,9,0,1,p,NA,ap,NA,ones,NA
S,S32,9,0,0,ap,NA,ap,NA,ap,NA
S,S33,9,6,0,ap,NA,ap,NA,ap,NA
S,S34,9,0,1,p,NA,ap,NA,ones,NA
S,S35,9,8,0,ap,NA,ap,NA,ap,NA
S,S36,9,9,0,ap,NA,ap,NA,ap,NA
S,S37,9,NA,0,ap,NA,ap,NA,ap,NA
S,S38,9,NA,1,p,NA,ap,NA,ones,NA
S,S39,9,NA,0,ap,NA,ap,NA,ap,NA
S,S40,9,7,0,ap,NA,ap,NA,ap,NA
S,S1,10,0,0,ap,NA,ap,NA,ap,NA
S,S2,10,NA,1,p,NA,ap,NA,ones,NA
S,S3,10,NA,0,ap,NA,ap,NA,ap,NA
S,S4,10,0,0,ap,NA,ap,NA,ap,NA
S,S5,10,NA,0,ap,NA,ap,NA,ap,NA
S,S6,10,NA,0,ap,NA,ap,NA,ap,NA
S,S7,10,NA,1,p,NA,ap,NA,ones,NA
S,S8,10,NA,0,ap,NA,ap,NA,ap,NA
S,S9,10,NA,1,p,NA,ap,NA,ones,NA
S,S10,10,2,0,ap,NA,ap,NA,ap,NA
S,S11,10,0,1,p,NA,ap,NA,ones,NA
S,S12,10,0,1,p,NA,ap,NA,ones,NA
S,S13,10,NA,0,ap,NA,ap,NA,ap,NA
S,S14,10,0,0,ap,NA,ap,NA,ap,NA
S,S15,10,0,1,p,NA,ap,NA,ones,NA
S,S16,10,NA,1,p,NA,ap,NA,ones,NA
S,S17,10,3,0,ap,NA,ap,NA,ap,NA
S,S18,10,0,1,p,NA,ap,NA,ones,NA
S,S19,10,6,0,ap,NA,ap,NA,ap,NA
S,S20,10,0,0,ap,NA,ap,NA,ap,NA
S,S21,10,NA,1,p,NA,ap,NA,ones,NA
S,S22,10,NA,1,p,NA,ap,NA,ones,NA
S,S23,10,NA,1,p,NA,ap,NA,ones,NA
S,S24,10,0,1,p,NA,ap,NA,ones,NA
S,S25,10,NA,0,ap,NA,ap,NA,ap,NA
S,S26,10,NA,1,p,NA,ap,NA,ones,NA
S,S27,10,0,1,p,NA,ap,NA,ones,NA
S,S28,10,0,1,p,NA,ap,NA,ones,NA
S,S29,10,NA,0,ap,NA,ap,NA,ap,NA
S,S30,10,NA,0,ap,NA,ap,NA,ap,NA
S,S31,10,0,1,p,NA,ap,NA,ones,NA
S,S32,10,NA,0,ap,NA,ap,NA,ap,NA
S,S33,10,5,0,ap,NA,ap,NA,ap,NA
S,S34,10,0,1,p,NA,ap,NA,ones,NA
S,S35,10,3,0,ap,NA,ap,NA,ap,NA
S,S36,10,3,0,ap,NA,ap,NA,ap,NA
S,S37,10,NA,0,ap,NA,ap,NA,ap,NA
S,S38,10,NA,1,p,NA,ap,NA,ones,NA
S,S39,10,NA,0,ap,NA,ap,NA,ap,NA
S,S40,10,2,0,ap,NA,ap,NA,ap,NA
T1,T1.1,1,3,1,p,1,p,2,p,1
T1,T1.2,1,1,0,ap,1,p,1,onem,6
T1,T1.3,1,4,0,ap,1,p,1,onem,3
T1,T1.4,1,4,0,ap,1,p,1,onem,2
T1,T1.5,1,2,0,ap,1,p,1,onem,4
T1,T1.6,1,6,0,ap,1,p,1,onem,2
T1,T1.7,1,7,0,ap,1,p,1,onem,3
T1,T1.8,1,7,1,p,1,p,2,p,2
T1,T1.9,1,5,1,p,1,p,2,p,1
T1,T1.10,1,6,0,ap,1,p,1,onem,2
T1,T1.11,1,2,0,ap,1,p,1,onem,4
T1,T1.12,1,4,0,ap,1,p,1,onem,1
T1,T1.13,1,3,1,p,0,ap,1,ones,0
T1,T1.14,1,5,0,ap,1,p,1,onem,3
T1,T1.15,1,3,0,ap,1,p,1,onem,2
T1,T1.16,1,4,0,ap,1,p,1,onem,1
T1,T1.17,1,0,0,ap,1,p,1,onem,5
T1,T1.18,1,3,0,ap,0,ap,0,ap,0
T1,T1.19,1,6,1,p,0,ap,1,ones,0
T1,T1.20,1,7,0,ap,0,ap,0,ap,0
T1,T1.21,1,5,0,ap,0,ap,0,ap,0
T1,T1.22,1,9,1,p,1,p,2,p,1
T1,T1.23,1,6,0,ap,0,ap,0,ap,0
T1,T1.24,1,6,0,ap,1,p,1,onem,3
T1,T1.25,1,4,1,p,1,p,2,p,6
T1,T1.26,1,2,0,ap,1,p,1,onem,5
T1,T1.27,1,8,0,ap,0,ap,0,ap,0
T1,T1.28,1,4,1,p,1,p,2,p,4
T1,T1.29,1,5,0,ap,0,ap,0,ap,0
T1,T1.30,1,10,0,ap,0,ap,0,ap,0
T1,T1.32,1,1,1,p,1,p,2,p,2
T1,T1.33,1,2,0,ap,1,p,1,onem,3
T1,T1.34,1,6,0,ap,1,p,1,onem,2
T1,T1.35,1,4,0,ap,0,ap,0,ap,0
T1,T1.36,1,5,1,p,1,p,2,p,2
T1,T1.37,1,4,1,p,1,p,2,p,1
T1,T1.38,1,6,0,ap,0,ap,0,ap,0
T1,T1.39,1,5,0,ap,1,p,1,onem,1
T1,T1.40,1,0,0,ap,1,p,1,onem,3
T1,T1.1,2,2,1,p,1,p,2,p,1
T1,T1.2,2,NA,0,ap,1,p,1,onem,6
T1,T1.3,2,3,0,ap,1,p,1,onem,3
T1,T1.4,2,4,0,ap,1,p,1,onem,2
T1,T1.5,2,1,0,ap,1,p,1,onem,4
T1,T1.6,2,5,0,ap,1,p,1,onem,2
T1,T1.7,2,10,0,ap,1,p,1,onem,3
T1,T1.8,2,3,1,p,1,p,2,p,2
T1,T1.9,2,4,1,p,1,p,2,p,1
T1,T1.10,2,6,0,ap,1,p,1,onem,2
T1,T1.11,2,NA,0,ap,1,p,1,onem,4
T1,T1.12,2,2,0,ap,1,p,1,onem,1
T1,T1.13,2,3,1,p,0,ap,1,ones,0
T1,T1.14,2,5,0,ap,1,p,1,onem,3
T1,T1.15,2,2,0,ap,1,p,1,onem,2
T1,T1.16,2,3,0,ap,1,p,1,onem,1
T1,T1.17,2,NA,0,ap,1,p,1,onem,5
T1,T1.18,2,5,0,ap,0,ap,0,ap,0
T1,T1.19,2,5,1,p,0,ap,1,ones,0
T1,T1.20,2,5,0,ap,0,ap,0,ap,0
T1,T1.21,2,7,0,ap,0,ap,0,ap,0
T1,T1.22,2,7,1,p,1,p,2,p,1
T1,T1.23,2,5,0,ap,0,ap,0,ap,0
T1,T1.24,2,3,0,ap,1,p,1,onem,3
T1,T1.25,2,5,1,p,1,p,2,p,6
T1,T1.26,2,2,0,ap,1,p,1,onem,5
T1,T1.27,2,4,0,ap,0,ap,0,ap,0
T1,T1.28,2,0,1,p,1,p,2,p,4
T1,T1.29,2,8,0,ap,0,ap,0,ap,0
T1,T1.30,2,5,0,ap,0,ap,0,ap,0
T1,T1.32,2,4,1,p,1,p,2,p,2
T1,T1.33,2,2,0,ap,1,p,1,onem,3
T1,T1.34,2,4,0,ap,1,p,1,onem,2
T1,T1.35,2,4,0,ap,0,ap,0,ap,0
T1,T1.36,2,7,1,p,1,p,2,p,2
T1,T1.37,2,6,1,p,1,p,2,p,1
T1,T1.38,2,6,0,ap,0,ap,0,ap,0
T1,T1.39,2,5,0,ap,1,p,1,onem,1
T1,T1.40,2,4,0,ap,1,p,1,onem,3
T1,T1.1,3,5,1,p,1,p,2,p,1
T1,T1.2,3,NA,0,ap,1,p,1,onem,6
T1,T1.3,3,5,0,ap,1,p,1,onem,3
T1,T1.4,3,8,0,ap,1,p,1,onem,2
T1,T1.5,3,NA,0,ap,1,p,1,onem,4
T1,T1.6,3,7,0,ap,1,p,1,onem,2
T1,T1.7,3,9,0,ap,1,p,1,onem,3
T1,T1.8,3,3,1,p,1,p,2,p,2
T1,T1.9,3,4,1,p,1,p,2,p,1
T1,T1.10,3,5,0,ap,1,p,1,onem,2
T1,T1.11,3,NA,0,ap,1,p,1,onem,4
T1,T1.12,3,5,0,ap,1,p,1,onem,1
T1,T1.13,3,5,1,p,0,ap,1,ones,0
T1,T1.14,3,7,0,ap,1,p,1,onem,3
T1,T1.15,3,4,0,ap,1,p,1,onem,2
T1,T1.16,3,5,0,ap,1,p,1,onem,1
T1,T1.17,3,NA,0,ap,1,p,1,onem,5
T1,T1.18,3,1,0,ap,0,ap,0,ap,0
T1,T1.19,3,3,1,p,0,ap,1,ones,0
T1,T1.20,3,11,0,ap,0,ap,0,ap,0
T1,T1.21,3,9,0,ap,0,ap,0,ap,0
T1,T1.22,3,7,1,p,1,p,2,p,1
T1,T1.23,3,6,0,ap,0,ap,0,ap,0
T1,T1.24,3,4,0,ap,1,p,1,onem,3
T1,T1.25,3,6,1,p,1,p,2,p,6
T1,T1.26,3,NA,0,ap,1,p,1,onem,5
T1,T1.27,3,5,0,ap,0,ap,0,ap,0
T1,T1.28,3,3,1,p,1,p,2,p,4
T1,T1.29,3,7,0,ap,0,ap,0,ap,0
T1,T1.30,3,7,0,ap,0,ap,0,ap,0
T1,T1.32,3,5,1,p,1,p,2,p,2
T1,T1.33,3,NA,0,ap,1,p,1,onem,3
T1,T1.34,3,5,0,ap,1,p,1,onem,2
T1,T1.35,3,3,0,ap,0,ap,0,ap,0
T1,T1.36,3,6,1,p,1,p,2,p,2
T1,T1.37,3,7,1,p,1,p,2,p,1
T1,T1.38,3,3,0,ap,0,ap,0,ap,0
T1,T1.39,3,5,0,ap,1,p,1,onem,1
T1,T1.40,3,3,0,ap,1,p,1,onem,3
T1,T1.1,4,2,1,p,1,p,2,p,1
T1,T1.2,4,NA,0,ap,1,p,1,onem,6
T1,T1.3,4,4,0,ap,1,p,1,onem,3
T1,T1.4,4,7,0,ap,1,p,1,onem,2
T1,T1.5,4,NA,0,ap,1,p,1,onem,4
T1,T1.6,4,9,0,ap,1,p,1,onem,2
T1,T1.7,4,11,0,ap,1,p,1,onem,3
T1,T1.8,4,0,1,p,1,p,2,p,2
T1,T1.9,4,5,1,p,1,p,2,p,1
T1,T1.10,4,5,0,ap,1,p,1,onem,2
T1,T1.11,4,NA,0,ap,1,p,1,onem,4
T1,T1.12,4,7,0,ap,1,p,1,onem,1
T1,T1.13,4,5,1,p,0,ap,1,ones,0
T1,T1.14,4,8,0,ap,1,p,1,onem,3
T1,T1.15,4,4,0,ap,1,p,1,onem,2
T1,T1.16,4,5,0,ap,1,p,1,onem,1
T1,T1.17,4,NA,0,ap,1,p,1,onem,5
T1,T1.18,4,6,0,ap,0,ap,0,ap,0
T1,T1.19,4,0,1,p,0,ap,1,ones,0
T1,T1.20,4,9,0,ap,0,ap,0,ap,0
T1,T1.21,4,9,0,ap,0,ap,0,ap,0
T1,T1.22,4,5,1,p,1,p,2,p,1
T1,T1.23,4,7,0,ap,0,ap,0,ap,0
T1,T1.24,4,4,0,ap,1,p,1,onem,3
T1,T1.25,4,1,1,p,1,p,2,p,6
T1,T1.26,4,NA,0,ap,1,p,1,onem,5
T1,T1.27,4,5,0,ap,0,ap,0,ap,0
T1,T1.28,4,2,1,p,1,p,2,p,4
T1,T1.29,4,7,0,ap,0,ap,0,ap,0
T1,T1.30,4,6,0,ap,0,ap,0,ap,0
T1,T1.32,4,9,1,p,1,p,2,p,2
T1,T1.33,4,NA,0,ap,1,p,1,onem,3
T1,T1.34,4,7,0,ap,1,p,1,onem,2
T1,T1.35,4,6,0,ap,0,ap,0,ap,0
T1,T1.36,4,5,1,p,1,p,2,p,2
T1,T1.37,4,5,1,p,1,p,2,p,1
T1,T1.38,4,6,0,ap,0,ap,0,ap,0
T1,T1.39,4,7,0,ap,1,p,1,onem,1
T1,T1.40,4,4,0,ap,1,p,1,onem,3
T1,T1.1,5,3,1,p,1,p,2,p,1
T1,T1.2,5,NA,0,ap,1,p,1,onem,6
T1,T1.3,5,5,0,ap,1,p,1,onem,3
T1,T1.4,5,8,0,ap,1,p,1,onem,2
T1,T1.5,5,NA,0,ap,1,p,1,onem,4
T1,T1.6,5,2,0,ap,1,p,1,onem,2
T1,T1.7,5,13,0,ap,1,p,1,onem,3
T1,T1.8,5,2,1,p,1,p,2,p,2
T1,T1.9,5,0,1,p,1,p,2,p,1
T1,T1.10,5,4,0,ap,1,p,1,onem,2
T1,T1.11,5,NA,0,ap,1,p,1,onem,4
T1,T1.12,5,7,0,ap,1,p,1,onem,1
T1,T1.13,5,0,1,p,0,ap,1,ones,0
T1,T1.14,5,7,0,ap,1,p,1,onem,3
T1,T1.15,5,8,0,ap,1,p,1,onem,2
T1,T1.16,5,8,0,ap,1,p,1,onem,1
T1,T1.17,5,NA,0,ap,1,p,1,onem,5
T1,T1.18,5,6,0,ap,0,ap,0,ap,0
T1,T1.19,5,0,1,p,0,ap,1,ones,0
T1,T1.20,5,11,0,ap,0,ap,0,ap,0
T1,T1.21,5,8,0,ap,0,ap,0,ap,0
T1,T1.22,5,1,1,p,1,p,2,p,1
T1,T1.23,5,8,0,ap,0,ap,0,ap,0
T1,T1.24,5,6,0,ap,1,p,1,onem,3
T1,T1.25,5,0,1,p,1,p,2,p,6
T1,T1.26,5,NA,0,ap,1,p,1,onem,5
T1,T1.27,5,1,0,ap,0,ap,0,ap,0
T1,T1.28,5,0,1,p,1,p,2,p,4
T1,T1.29,5,6,0,ap,0,ap,0,ap,0
T1,T1.30,5,8,0,ap,0,ap,0,ap,0
T1,T1.32,5,4,1,p,1,p,2,p,2
T1,T1.33,5,NA,0,ap,1,p,1,onem,3
T1,T1.34,5,9,0,ap,1,p,1,onem,2
T1,T1.35,5,10,0,ap,0,ap,0,ap,0
T1,T1.36,5,2,1,p,1,p,2,p,2
T1,T1.37,5,0,1,p,1,p,2,p,1
T1,T1.38,5,6,0,ap,0,ap,0,ap,0
T1,T1.39,5,9,0,ap,1,p,1,onem,1
T1,T1.40,5,7,0,ap,1,p,1,onem,3
T1,T1.1,6,1,1,p,1,p,2,p,1
T1,T1.2,6,NA,0,ap,1,p,1,onem,6
T1,T1.3,6,5,0,ap,1,p,1,onem,3
T1,T1.4,6,7,0,ap,1,p,1,onem,2
T1,T1.5,6,NA,0,ap,1,p,1,onem,4
T1,T1.6,6,4,0,ap,1,p,1,onem,2
T1,T1.7,6,14,0,ap,1,p,1,onem,3
T1,T1.8,6,0,1,p,1,p,2,p,2
T1,T1.9,6,0,1,p,1,p,2,p,1
T1,T1.10,6,0,0,ap,1,p,1,onem,2
T1,T1.11,6,NA,0,ap,1,p,1,onem,4
T1,T1.12,6,6,0,ap,1,p,1,onem,1
T1,T1.13,6,1,1,p,0,ap,1,ones,0
T1,T1.14,6,10,0,ap,1,p,1,onem,3
T1,T1.15,6,3,0,ap,1,p,1,onem,2
T1,T1.16,6,6,0,ap,1,p,1,onem,1
T1,T1.17,6,NA,0,ap,1,p,1,onem,5
T1,T1.18,6,8,0,ap,0,ap,0,ap,0
T1,T1.19,6,0,1,p,0,ap,1,ones,0
T1,T1.20,6,9,0,ap,0,ap,0,ap,0
T1,T1.21,6,5,0,ap,0,ap,0,ap,0
T1,T1.22,6,0,1,p,1,p,2,p,1
T1,T1.23,6,9,0,ap,0,ap,0,ap,0
T1,T1.24,6,7,0,ap,1,p,1,onem,3
T1,T1.25,6,0,1,p,1,p,2,p,6
T1,T1.26,6,NA,0,ap,1,p,1,onem,5
T1,T1.27,6,0,0,ap,0,ap,0,ap,0
T1,T1.28,6,0,1,p,1,p,2,p,4
T1,T1.29,6,2,0,ap,0,ap,0,ap,0
T1,T1.30,6,9,0,ap,0,ap,0,ap,0
T1,T1.32,6,0,1,p,1,p,2,p,2
T1,T1.33,6,NA,0,ap,1,p,1,onem,3
T1,T1.34,6,5,0,ap,1,p,1,onem,2
T1,T1.35,6,7,0,ap,0,ap,0,ap,0
T1,T1.36,6,0,1,p,1,p,2,p,2
T1,T1.37,6,0,1,p,1,p,2,p,1
T1,T1.38,6,0,0,ap,0,ap,0,ap,0
T1,T1.39,6,9,0,ap,1,p,1,onem,1
T1,T1.40,6,NA,0,ap,1,p,1,onem,3
T1,T1.1,7,0,1,p,1,p,2,p,1
T1,T1.2,7,NA,0,ap,1,p,1,onem,6
T1,T1.3,7,6,0,ap,1,p,1,onem,3
T1,T1.4,7,8,0,ap,1,p,1,onem,2
T1,T1.5,7,NA,0,ap,1,p,1,onem,4
T1,T1.6,7,3,0,ap,1,p,1,onem,2
T1,T1.7,7,14,0,ap,1,p,1,onem,3
T1,T1.8,7,0,1,p,1,p,2,p,2
T1,T1.9,7,0,1,p,1,p,2,p,1
T1,T1.10,7,0,0,ap,1,p,1,onem,2
T1,T1.11,7,NA,0,ap,1,p,1,onem,4
T1,T1.12,7,4,0,ap,1,p,1,onem,1
T1,T1.13,7,0,1,p,0,ap,1,ones,0
T1,T1.14,7,1,0,ap,1,p,1,onem,3
T1,T1.15,7,3,0,ap,1,p,1,onem,2
T1,T1.16,7,4,0,ap,1,p,1,onem,1
T1,T1.17,7,NA,0,ap,1,p,1,onem,5
T1,T1.18,7,5,0,ap,0,ap,0,ap,0
T1,T1.19,7,0,1,p,0,ap,1,ones,0
T1,T1.20,7,2,0,ap,0,ap,0,ap,0
T1,T1.21,7,1,0,ap,0,ap,0,ap,0
T1,T1.22,7,3,1,p,1,p,2,p,1
T1,T1.23,7,4,0,ap,0,ap,0,ap,0
T1,T1.24,7,8,0,ap,1,p,1,onem,3
T1,T1.25,7,NA,1,p,1,p,2,p,6
T1,T1.26,7,NA,0,ap,1,p,1,onem,5
T1,T1.27,7,2,0,ap,0,ap,0,ap,0
T1,T1.28,7,0,1,p,1,p,2,p,4
T1,T1.29,7,14,0,ap,0,ap,0,ap,0
T1,T1.30,7,7,0,ap,0,ap,0,ap,0
T1,T1.32,7,0,1,p,1,p,2,p,2
T1,T1.33,7,NA,0,ap,1,p,1,onem,3
T1,T1.34,7,2,0,ap,1,p,1,onem,2
T1,T1.35,7,4,0,ap,0,ap,0,ap,0
T1,T1.36,7,0,1,p,1,p,2,p,2
T1,T1.37,7,0,1,p,1,p,2,p,1
T1,T1.38,7,0,0,ap,0,ap,0,ap,0
T1,T1.39,7,1,0,ap,1,p,1,onem,1
T1,T1.40,7,0,0,ap,1,p,1,onem,3
T1,T1.1,8,0,1,p,1,p,2,p,1
T1,T1.2,8,NA,0,ap,1,p,1,onem,6
T1,T1.3,8,8,0,ap,1,p,1,onem,3
T1,T1.4,8,7,0,ap,1,p,1,onem,2
T1,T1.5,8,NA,0,ap,1,p,1,onem,4
T1,T1.6,8,2,0,ap,1,p,1,onem,2
T1,T1.7,8,12,0,ap,1,p,1,onem,3
T1,T1.8,8,0,1,p,1,p,2,p,2
T1,T1.9,8,0,1,p,1,p,2,p,1
T1,T1.10,8,0,0,ap,1,p,1,onem,2
T1,T1.11,8,NA,0,ap,1,p,1,onem,4
T1,T1.12,8,5,0,ap,1,p,1,onem,1
T1,T1.13,8,0,1,p,0,ap,1,ones,0
T1,T1.14,8,1,0,ap,1,p,1,onem,3
T1,T1.15,8,0,0,ap,1,p,1,onem,2
T1,T1.16,8,5,0,ap,1,p,1,onem,1
T1,T1.17,8,NA,0,ap,1,p,1,onem,5
T1,T1.18,8,3,0,ap,0,ap,0,ap,0
T1,T1.19,8,0,1,p,0,ap,1,ones,0
T1,T1.20,8,2,0,ap,0,ap,0,ap,0
T1,T1.21,8,1,0,ap,0,ap,0,ap,0
T1,T1.22,8,0,1,p,1,p,2,p,1
T1,T1.23,8,1,0,ap,0,ap,0,ap,0
T1,T1.24,8,4,0,ap,1,p,1,onem,3
T1,T1.25,8,NA,1,p,1,p,2,p,6
T1,T1.26,8,NA,0,ap,1,p,1,onem,5
T1,T1.27,8,4,0,ap,0,ap,0,ap,0
T1,T1.28,8,0,1,p,1,p,2,p,4
T1,T1.29,8,13,0,ap,0,ap,0,ap,0
T1,T1.30,8,8,0,ap,0,ap,0,ap,0
T1,T1.32,8,0,1,p,1,p,2,p,2
T1,T1.33,8,NA,0,ap,1,p,1,onem,3
T1,T1.34,8,NA,0,ap,1,p,1,onem,2
T1,T1.35,8,11,0,ap,0,ap,0,ap,0
T1,T1.36,8,NA,1,p,1,p,2,p,2
T1,T1.37,8,0,1,p,1,p,2,p,1
T1,T1.38,8,0,0,ap,0,ap,0,ap,0
T1,T1.39,8,5,0,ap,1,p,1,onem,1
T1,T1.40,8,0,0,ap,1,p,1,onem,3
T1,T1.1,9,0,1,p,1,p,2,p,1
T1,T1.2,9,NA,0,ap,1,p,1,onem,6
T1,T1.3,9,8,0,ap,1,p,1,onem,3
T1,T1.4,9,10,0,ap,1,p,1,onem,2
T1,T1.5,9,NA,0,ap,1,p,1,onem,4
T1,T1.6,9,3,0,ap,1,p,1,onem,2
T1,T1.7,9,13,0,ap,1,p,1,onem,3
T1,T1.8,9,0,1,p,1,p,2,p,2
T1,T1.9,9,0,1,p,1,p,2,p,1
T1,T1.10,9,0,0,ap,1,p,1,onem,2
T1,T1.11,9,NA,0,ap,1,p,1,onem,4
T1,T1.12,9,4,0,ap,1,p,1,onem,1
T1,T1.13,9,NA,1,p,0,ap,1,ones,0
T1,T1.14,9,1,0,ap,1,p,1,onem,3
T1,T1.15,9,0,0,ap,1,p,1,onem,2
T1,T1.16,9,2,0,ap,1,p,1,onem,1
T1,T1.17,9,NA,0,ap,1,p,1,onem,5
T1,T1.18,9,0,0,ap,0,ap,0,ap,0
T1,T1.19,9,0,1,p,0,ap,1,ones,0
T1,T1.20,9,0,0,ap,0,ap,0,ap,0
T1,T1.21,9,0,0,ap,0,ap,0,ap,0
T1,T1.22,9,0,1,p,1,p,2,p,1
T1,T1.23,9,0,0,ap,0,ap,0,ap,0
T1,T1.24,9,2,0,ap,1,p,1,onem,3
T1,T1.25,9,NA,1,p,1,p,2,p,6
T1,T1.26,9,NA,0,ap,1,p,1,onem,5
T1,T1.27,9,6,0,ap,0,ap,0,ap,0
T1,T1.28,9,0,1,p,1,p,2,p,4
T1,T1.29,9,5,0,ap,0,ap,0,ap,0
T1,T1.30,9,3,0,ap,0,ap,0,ap,0
T1,T1.32,9,0,1,p,1,p,2,p,2
T1,T1.33,9,NA,0,ap,1,p,1,onem,3
T1,T1.34,9,NA,0,ap,1,p,1,onem,2
T1,T1.35,9,10,0,ap,0,ap,0,ap,0
T1,T1.36,9,NA,1,p,1,p,2,p,2
T1,T1.37,9,0,1,p,1,p,2,p,1
T1,T1.38,9,0,0,ap,0,ap,0,ap,0
T1,T1.39,9,3,0,ap,1,p,1,onem,1
T1,T1.40,9,0,0,ap,1,p,1,onem,3
T1,T1.1,10,0,1,p,1,p,2,p,1
T1,T1.2,10,NA,0,ap,1,p,1,onem,6
T1,T1.3,10,5,0,ap,1,p,1,onem,3
T1,T1.4,10,8,0,ap,1,p,1,onem,2
T1,T1.5,10,NA,0,ap,1,p,1,onem,4
T1,T1.6,10,0,0,ap,1,p,1,onem,2
T1,T1.7,10,11,0,ap,1,p,1,onem,3
T1,T1.8,10,0,1,p,1,p,2,p,2
T1,T1.9,10,0,1,p,1,p,2,p,1
T1,T1.10,10,NA,0,ap,1,p,1,onem,2
T1,T1.11,10,NA,0,ap,1,p,1,onem,4
T1,T1.12,10,6,0,ap,1,p,1,onem,1
T1,T1.13,10,NA,1,p,0,ap,1,ones,0
T1,T1.14,10,1,0,ap,1,p,1,onem,3
T1,T1.15,10,0,0,ap,1,p,1,onem,2
T1,T1.16,10,5,0,ap,1,p,1,onem,1
T1,T1.17,10,NA,0,ap,1,p,1,onem,5
T1,T1.18,10,0,0,ap,0,ap,0,ap,0
T1,T1.19,10,0,1,p,0,ap,1,ones,0
T1,T1.20,10,0,0,ap,0,ap,0,ap,0
T1,T1.21,10,0,0,ap,0,ap,0,ap,0
T1,T1.22,10,0,1,p,1,p,2,p,1
T1,T1.23,10,0,0,ap,0,ap,0,ap,0
T1,T1.24,10,0,0,ap,1,p,1,onem,3
T1,T1.25,10,NA,1,p,1,p,2,p,6
T1,T1.26,10,NA,0,ap,1,p,1,onem,5
T1,T1.27,10,0,0,ap,0,ap,0,ap,0
T1,T1.28,10,NA,1,p,1,p,2,p,4
T1,T1.29,10,NA,0,ap,0,ap,0,ap,0
T1,T1.30,10,2,0,ap,0,ap,0,ap,0
T1,T1.32,10,0,1,p,1,p,2,p,2
T1,T1.33,10,NA,0,ap,1,p,1,onem,3
T1,T1.34,10,NA,0,ap,1,p,1,onem,2
T1,T1.35,10,8,0,ap,0,ap,0,ap,0
T1,T1.36,10,NA,1,p,1,p,2,p,2
T1,T1.37,10,NA,1,p,1,p,2,p,1
T1,T1.38,10,0,0,ap,0,ap,0,ap,0
T1,T1.39,10,0,0,ap,1,p,1,onem,1
T1,T1.40,10,0,0,ap,1,p,1,onem,3
T2,T2.1,1,7,1,p,0,ap,1,ones,0
T2,T2.2,1,0,0,ap,0,ap,0,ap,0
T2,T2.3,1,6,1,p,1,p,2,p,1
T2,T2.4,1,10,1,p,1,p,2,p,2
T2,T2.5,1,4,0,ap,1,p,1,onem,3
T2,T2.6,1,0,0,ap,0,ap,0,ap,0
T2,T2.7,1,3,0,ap,1,p,1,onem,3
T2,T2.8,1,0,0,ap,1,p,1,onem,2
T2,T2.9,1,0,0,ap,1,p,1,onem,3
T2,T2.10,1,0,1,p,1,p,2,p,3
T2,T2.11,1,0,1,p,1,p,2,p,3
T2,T2.13,1,2,0,ap,0,ap,0,ap,0
T2,T2.14,1,0,0,ap,1,p,1,onem,3
T2,T2.15,1,0,1,p,1,p,2,p,1
T2,T2.16,1,7,0,ap,1,p,1,onem,1
T2,T2.17,1,7,0,ap,1,p,1,onem,6
T2,T2.18,1,7,1,p,0,ap,1,ones,0
T2,T2.19,1,4,0,ap,1,p,1,onem,2
T2,T2.20,1,9,0,ap,0,ap,0,ap,0
T2,T2.21,1,3,0,ap,1,p,1,onem,3
T2,T2.22,1,0,0,ap,1,p,1,onem,2
T2,T2.23,1,7,0,ap,1,p,1,onem,1
T2,T2.25,1,1,0,ap,0,ap,0,ap,0
T2,T2.26,1,NA,0,ap,0,ap,0,ap,0
T2,T2.27,1,3,0,ap,1,p,1,onem,1
T2,T2.28,1,0,1,p,0,ap,1,ones,0
T2,T2.29,1,3,1,p,1,p,2,p,3
T2,T2.30,1,7,1,p,1,p,2,p,2
T2,T2.31,1,6,0,ap,1,p,1,onem,1
T2,T2.32,1,6,0,ap,1,p,1,onem,3
T2,T2.33,1,2,1,p,0,ap,1,ones,0
T2,T2.34,1,5,1,p,0,ap,1,ones,0
T2,T2.35,1,5,0,ap,0,ap,0,ap,0
T2,T2.36,1,8,0,ap,0,ap,0,ap,0
T2,T2.37,1,0,0,ap,0,ap,0,ap,0
T2,T2.38,1,10,0,ap,0,ap,0,ap,0
T2,T2.39,1,6,0,ap,1,p,1,onem,7
T2,T2.40,1,8,1,p,1,p,2,p,3
T2,T2.1,2,6,1,p,0,ap,1,ones,0
T2,T2.2,2,0,0,ap,0,ap,0,ap,0
T2,T2.3,2,5,1,p,1,p,2,p,1
T2,T2.4,2,11,1,p,1,p,2,p,2
T2,T2.5,2,NA,0,ap,1,p,1,onem,3
T2,T2.6,2,1,0,ap,0,ap,0,ap,0
T2,T2.7,2,4,0,ap,1,p,1,onem,3
T2,T2.8,2,0,0,ap,1,p,1,onem,2
T2,T2.9,2,NA,0,ap,1,p,1,onem,3
T2,T2.10,2,0,1,p,1,p,2,p,3
T2,T2.11,2,0,1,p,1,p,2,p,3
T2,T2.13,2,4,0,ap,0,ap,0,ap,0
T2,T2.14,2,0,0,ap,1,p,1,onem,3
T2,T2.15,2,1,1,p,1,p,2,p,1
T2,T2.16,2,5,0,ap,1,p,1,onem,1
T2,T2.17,2,6,0,ap,1,p,1,onem,6
T2,T2.18,2,4,1,p,0,ap,1,ones,0
T2,T2.19,2,4,0,ap,1,p,1,onem,2
T2,T2.20,2,3,0,ap,0,ap,0,ap,0
T2,T2.21,2,0,0,ap,1,p,1,onem,3
T2,T2.22,2,0,0,ap,1,p,1,onem,2
T2,T2.23,2,5,0,ap,1,p,1,onem,1
T2,T2.25,2,NA,0,ap,0,ap,0,ap,0
T2,T2.26,2,NA,0,ap,0,ap,0,ap,0
T2,T2.27,2,4,0,ap,1,p,1,onem,1
T2,T2.28,2,4,1,p,0,ap,1,ones,0
T2,T2.29,2,4,1,p,1,p,2,p,3
T2,T2.30,2,6,1,p,1,p,2,p,2
T2,T2.31,2,3,0,ap,1,p,1,onem,1
T2,T2.32,2,4,0,ap,1,p,1,onem,3
T2,T2.33,2,1,1,p,0,ap,1,ones,0
T2,T2.34,2,6,1,p,0,ap,1,ones,0
T2,T2.35,2,3,0,ap,0,ap,0,ap,0
T2,T2.36,2,5,0,ap,0,ap,0,ap,0
T2,T2.37,2,NA,0,ap,0,ap,0,ap,0
T2,T2.38,2,3,0,ap,0,ap,0,ap,0
T2,T2.39,2,1,0,ap,1,p,1,onem,7
T2,T2.40,2,3,1,p,1,p,2,p,3
T2,T2.1,3,5,1,p,0,ap,1,ones,0
T2,T2.2,3,4,0,ap,0,ap,0,ap,0
T2,T2.3,3,5,1,p,1,p,2,p,1
T2,T2.4,3,3,1,p,1,p,2,p,2
T2,T2.5,3,NA,0,ap,1,p,1,onem,3
T2,T2.6,3,NA,0,ap,0,ap,0,ap,0
T2,T2.7,3,7,0,ap,1,p,1,onem,3
T2,T2.8,3,0,0,ap,1,p,1,onem,2
T2,T2.9,3,NA,0,ap,1,p,1,onem,3
T2,T2.10,3,3,1,p,1,p,2,p,3
T2,T2.11,3,0,1,p,1,p,2,p,3
T2,T2.13,3,3,0,ap,0,ap,0,ap,0
T2,T2.14,3,0,0,ap,1,p,1,onem,3
T2,T2.15,3,7,1,p,1,p,2,p,1
T2,T2.16,3,4,0,ap,1,p,1,onem,1
T2,T2.17,3,2,0,ap,1,p,1,onem,6
T2,T2.18,3,4,1,p,0,ap,1,ones,0
T2,T2.19,3,5,0,ap,1,p,1,onem,2
T2,T2.20,3,5,0,ap,0,ap,0,ap,0
T2,T2.21,3,2,0,ap,1,p,1,onem,3
T2,T2.22,3,1,0,ap,1,p,1,onem,2
T2,T2.23,3,10,0,ap,1,p,1,onem,1
T2,T2.25,3,NA,0,ap,0,ap,0,ap,0
T2,T2.26,3,NA,0,ap,0,ap,0,ap,0
T2,T2.27,3,6,0,ap,1,p,1,onem,1
T2,T2.28,3,6,1,p,0,ap,1,ones,0
T2,T2.29,3,9,1,p,1,p,2,p,3
T2,T2.30,3,5,1,p,1,p,2,p,2
T2,T2.31,3,4,0,ap,1,p,1,onem,1
T2,T2.32,3,7,0,ap,1,p,1,onem,3
T2,T2.33,3,2,1,p,0,ap,1,ones,0
T2,T2.34,3,3,1,p,0,ap,1,ones,0
T2,T2.35,3,6,0,ap,0,ap,0,ap,0
T2,T2.36,3,9,0,ap,0,ap,0,ap,0
T2,T2.37,3,4,0,ap,0,ap,0,ap,0
T2,T2.38,3,2,0,ap,0,ap,0,ap,0
T2,T2.39,3,2,0,ap,1,p,1,onem,7
T2,T2.40,3,4,1,p,1,p,2,p,3
T2,T2.1,4,4,1,p,0,ap,1,ones,0
T2,T2.2,4,4,0,ap,0,ap,0,ap,0
T2,T2.3,4,1,1,p,1,p,2,p,1
T2,T2.4,4,1,1,p,1,p,2,p,2
T2,T2.5,4,NA,0,ap,1,p,1,onem,3
T2,T2.6,4,NA,0,ap,0,ap,0,ap,0
T2,T2.7,4,3,0,ap,1,p,1,onem,3
T2,T2.8,4,0,0,ap,1,p,1,onem,2
T2,T2.9,4,NA,0,ap,1,p,1,onem,3
T2,T2.10,4,2,1,p,1,p,2,p,3
T2,T2.11,4,0,1,p,1,p,2,p,3
T2,T2.13,4,7,0,ap,0,ap,0,ap,0
T2,T2.14,4,NA,0,ap,1,p,1,onem,3
T2,T2.15,4,4,1,p,1,p,2,p,1
T2,T2.16,4,7,0,ap,1,p,1,onem,1
T2,T2.17,4,NA,0,ap,1,p,1,onem,6
T2,T2.18,4,3,1,p,0,ap,1,ones,0
T2,T2.19,4,7,0,ap,1,p,1,onem,2
T2,T2.20,4,6,0,ap,0,ap,0,ap,0
T2,T2.21,4,0,0,ap,1,p,1,onem,3
T2,T2.22,4,0,0,ap,1,p,1,onem,2
T2,T2.23,4,6,0,ap,1,p,1,onem,1
T2,T2.25,4,NA,0,ap,0,ap,0,ap,0
T2,T2.26,4,NA,0,ap,0,ap,0,ap,0
T2,T2.27,4,4,0,ap,1,p,1,onem,1
T2,T2.28,4,3,1,p,0,ap,1,ones,0
T2,T2.29,4,9,1,p,1,p,2,p,3
T2,T2.30,4,3,1,p,1,p,2,p,2
T2,T2.31,4,6,0,ap,1,p,1,onem,1
T2,T2.32,4,8,0,ap,1,p,1,onem,3
T2,T2.33,4,7,1,p,0,ap,1,ones,0
T2,T2.34,4,5,1,p,0,ap,1,ones,0
T2,T2.35,4,4,0,ap,0,ap,0,ap,0
T2,T2.36,4,6,0,ap,0,ap,0,ap,0
T2,T2.37,4,NA,0,ap,0,ap,0,ap,0
T2,T2.38,4,5,0,ap,0,ap,0,ap,0
T2,T2.39,4,NA,0,ap,1,p,1,onem,7
T2,T2.40,4,5,1,p,1,p,2,p,3
T2,T2.1,5,0,1,p,0,ap,1,ones,0
T2,T2.2,5,2,0,ap,0,ap,0,ap,0
T2,T2.3,5,0,1,p,1,p,2,p,1
T2,T2.4,5,0,1,p,1,p,2,p,2
T2,T2.5,5,NA,0,ap,1,p,1,onem,3
T2,T2.6,5,NA,0,ap,0,ap,0,ap,0
T2,T2.7,5,2,0,ap,1,p,1,onem,3
T2,T2.8,5,NA,0,ap,1,p,1,onem,2
T2,T2.9,5,NA,0,ap,1,p,1,onem,3
T2,T2.10,5,3,1,p,1,p,2,p,3
T2,T2.11,5,0,1,p,1,p,2,p,3
T2,T2.13,5,6,0,ap,0,ap,0,ap,0
T2,T2.14,5,NA,0,ap,1,p,1,onem,3
T2,T2.15,5,0,1,p,1,p,2,p,1
T2,T2.16,5,9,0,ap,1,p,1,onem,1
T2,T2.17,5,NA,0,ap,1,p,1,onem,6
T2,T2.18,5,1,1,p,0,ap,1,ones,0
T2,T2.19,5,10,0,ap,1,p,1,onem,2
T2,T2.20,5,6,0,ap,0,ap,0,ap,0
T2,T2.21,5,NA,0,ap,1,p,1,onem,3
T2,T2.22,5,2,0,ap,1,p,1,onem,2
T2,T2.23,5,10,0,ap,1,p,1,onem,1
T2,T2.25,5,NA,0,ap,0,ap,0,ap,0
T2,T2.26,5,NA,0,ap,0,ap,0,ap,0
T2,T2.27,5,8,0,ap,1,p,1,onem,1
T2,T2.28,5,1,1,p,0,ap,1,ones,0
T2,T2.29,5,7,1,p,1,p,2,p,3
T2,T2.30,5,0,1,p,1,p,2,p,2
T2,T2.31,5,8,0,ap,1,p,1,onem,1
T2,T2.32,5,7,0,ap,1,p,1,onem,3
T2,T2.33,5,4,1,p,0,ap,1,ones,0
T2,T2.34,5,1,1,p,0,ap,1,ones,0
T2,T2.35,5,3,0,ap,0,ap,0,ap,0
T2,T2.36,5,8,0,ap,0,ap,0,ap,0
T2,T2.37,5,NA,0,ap,0,ap,0,ap,0
T2,T2.38,5,5,0,ap,0,ap,0,ap,0
T2,T2.39,5,NA,0,ap,1,p,1,onem,7
T2,T2.40,5,0,1,p,1,p,2,p,3
T2,T2.1,6,0,1,p,0,ap,1,ones,0
T2,T2.2,6,0,0,ap,0,ap,0,ap,0
T2,T2.3,6,0,1,p,1,p,2,p,1
T2,T2.4,6,0,1,p,1,p,2,p,2
T2,T2.5,6,NA,0,ap,1,p,1,onem,3
T2,T2.6,6,NA,0,ap,0,ap,0,ap,0
T2,T2.7,6,7,0,ap,1,p,1,onem,3
T2,T2.8,6,NA,0,ap,1,p,1,onem,2
T2,T2.9,6,0,0,ap,1,p,1,onem,3
T2,T2.10,6,0,1,p,1,p,2,p,3
T2,T2.11,6,0,1,p,1,p,2,p,3
T2,T2.13,6,8,0,ap,0,ap,0,ap,0
T2,T2.14,6,NA,0,ap,1,p,1,onem,3
T2,T2.15,6,0,1,p,1,p,2,p,1
T2,T2.16,6,8,0,ap,1,p,1,onem,1
T2,T2.17,6,NA,0,ap,1,p,1,onem,6
T2,T2.18,6,0,1,p,0,ap,1,ones,0
T2,T2.19,6,10,0,ap,1,p,1,onem,2
T2,T2.20,6,4,0,ap,0,ap,0,ap,0
T2,T2.21,6,NA,0,ap,1,p,1,onem,3
T2,T2.22,6,0,0,ap,1,p,1,onem,2
T2,T2.23,6,8,0,ap,1,p,1,onem,1
T2,T2.25,6,NA,0,ap,0,ap,0,ap,0
T2,T2.26,6,NA,0,ap,0,ap,0,ap,0
T2,T2.27,6,8,0,ap,1,p,1,onem,1
T2,T2.28,6,0,1,p,0,ap,1,ones,0
T2,T2.29,6,6,1,p,1,p,2,p,3
T2,T2.30,6,0,1,p,1,p,2,p,2
T2,T2.31,6,5,0,ap,1,p,1,onem,1
T2,T2.32,6,9,0,ap,1,p,1,onem,3
T2,T2.33,6,0,1,p,0,ap,1,ones,0
T2,T2.34,6,0,1,p,0,ap,1,ones,0
T2,T2.35,6,7,0,ap,0,ap,0,ap,0
T2,T2.36,6,10,0,ap,0,ap,0,ap,0
T2,T2.37,6,NA,0,ap,0,ap,0,ap,0
T2,T2.38,6,7,0,ap,0,ap,0,ap,0
T2,T2.39,6,NA,0,ap,1,p,1,onem,7
T2,T2.40,6,NA,1,p,1,p,2,p,3
T2,T2.1,7,0,1,p,0,ap,1,ones,0
T2,T2.2,7,1,0,ap,0,ap,0,ap,0
T2,T2.3,7,NA,1,p,1,p,2,p,1
T2,T2.4,7,0,1,p,1,p,2,p,2
T2,T2.5,7,NA,0,ap,1,p,1,onem,3
T2,T2.6,7,NA,0,ap,0,ap,0,ap,0
T2,T2.7,7,2,0,ap,1,p,1,onem,3
T2,T2.8,7,NA,0,ap,1,p,1,onem,2
T2,T2.9,7,NA,0,ap,1,p,1,onem,3
T2,T2.10,7,0,1,p,1,p,2,p,3
T2,T2.11,7,0,1,p,1,p,2,p,3
T2,T2.13,7,5,0,ap,0,ap,0,ap,0
T2,T2.14,7,NA,0,ap,1,p,1,onem,3
T2,T2.15,7,0,1,p,1,p,2,p,1
T2,T2.16,7,3,0,ap,1,p,1,onem,1
T2,T2.17,7,NA,0,ap,1,p,1,onem,6
T2,T2.18,7,1,1,p,0,ap,1,ones,0
T2,T2.19,7,2,0,ap,1,p,1,onem,2
T2,T2.20,7,10,0,ap,0,ap,0,ap,0
T2,T2.21,7,NA,0,ap,1,p,1,onem,3
T2,T2.22,7,4,0,ap,1,p,1,onem,2
T2,T2.23,7,10,0,ap,1,p,1,onem,1
T2,T2.25,7,NA,0,ap,0,ap,0,ap,0
T2,T2.26,7,NA,0,ap,0,ap,0,ap,0
T2,T2.27,7,8,0,ap,1,p,1,onem,1
T2,T2.28,7,0,1,p,0,ap,1,ones,0
T2,T2.29,7,2,1,p,1,p,2,p,3
T2,T2.30,7,0,1,p,1,p,2,p,2
T2,T2.31,7,5,0,ap,1,p,1,onem,1
T2,T2.32,7,6,0,ap,1,p,1,onem,3
T2,T2.33,7,0,1,p,0,ap,1,ones,0
T2,T2.34,7,0,1,p,0,ap,1,ones,0
T2,T2.35,7,9,0,ap,0,ap,0,ap,0
T2,T2.36,7,14,0,ap,0,ap,0,ap,0
T2,T2.37,7,NA,0,ap,0,ap,0,ap,0
T2,T2.38,7,3,0,ap,0,ap,0,ap,0
T2,T2.39,7,NA,0,ap,1,p,1,onem,7
T2,T2.40,7,NA,1,p,1,p,2,p,3
T2,T2.1,8,0,1,p,0,ap,1,ones,0
T2,T2.2,8,1,0,ap,0,ap,0,ap,0
T2,T2.3,8,NA,1,p,1,p,2,p,1
T2,T2.4,8,0,1,p,1,p,2,p,2
T2,T2.5,8,NA,0,ap,1,p,1,onem,3
T2,T2.6,8,NA,0,ap,0,ap,0,ap,0
T2,T2.7,8,6,0,ap,1,p,1,onem,3
T2,T2.8,8,NA,0,ap,1,p,1,onem,2
T2,T2.9,8,NA,0,ap,1,p,1,onem,3
T2,T2.10,8,NA,1,p,1,p,2,p,3
T2,T2.11,8,0,1,p,1,p,2,p,3
T2,T2.13,8,7,0,ap,0,ap,0,ap,0
T2,T2.14,8,NA,0,ap,1,p,1,onem,3
T2,T2.15,8,0,1,p,1,p,2,p,1
T2,T2.16,8,8,0,ap,1,p,1,onem,1
T2,T2.17,8,NA,0,ap,1,p,1,onem,6
T2,T2.18,8,1,1,p,0,ap,1,ones,0
T2,T2.19,8,2,0,ap,1,p,1,onem,2
T2,T2.20,8,9,0,ap,0,ap,0,ap,0
T2,T2.21,8,NA,0,ap,1,p,1,onem,3
T2,T2.22,8,2,0,ap,1,p,1,onem,2
T2,T2.23,8,10,0,ap,1,p,1,onem,1
T2,T2.25,8,NA,0,ap,0,ap,0,ap,0
T2,T2.26,8,NA,0,ap,0,ap,0,ap,0
T2,T2.27,8,9,0,ap,1,p,1,onem,1
T2,T2.28,8,0,1,p,0,ap,1,ones,0
T2,T2.29,8,1,1,p,1,p,2,p,3
T2,T2.30,8,0,1,p,1,p,2,p,2
T2,T2.31,8,7,0,ap,1,p,1,onem,1
T2,T2.32,8,0,0,ap,1,p,1,onem,3
T2,T2.33,8,0,1,p,0,ap,1,ones,0
T2,T2.34,8,0,1,p,0,ap,1,ones,0
T2,T2.35,8,8,0,ap,0,ap,0,ap,0
T2,T2.36,8,14,0,ap,0,ap,0,ap,0
T2,T2.37,8,NA,0,ap,0,ap,0,ap,0
T2,T2.38,8,7,0,ap,0,ap,0,ap,0
T2,T2.39,8,NA,0,ap,1,p,1,onem,7
T2,T2.40,8,NA,1,p,1,p,2,p,3
T2,T2.1,9,5,1,p,0,ap,1,ones,0
T2,T2.2,9,2,0,ap,0,ap,0,ap,0
T2,T2.3,9,NA,1,p,1,p,2,p,1
T2,T2.4,9,0,1,p,1,p,2,p,2
T2,T2.5,9,NA,0,ap,1,p,1,onem,3
T2,T2.6,9,NA,0,ap,0,ap,0,ap,0
T2,T2.7,9,2,0,ap,1,p,1,onem,3
T2,T2.8,9,NA,0,ap,1,p,1,onem,2
T2,T2.9,9,NA,0,ap,1,p,1,onem,3
T2,T2.10,9,NA,1,p,1,p,2,p,3
T2,T2.11,9,0,1,p,1,p,2,p,3
T2,T2.13,9,1,0,ap,0,ap,0,ap,0
T2,T2.14,9,NA,0,ap,1,p,1,onem,3
T2,T2.15,9,0,1,p,1,p,2,p,1
T2,T2.16,9,6,0,ap,1,p,1,onem,1
T2,T2.17,9,NA,0,ap,1,p,1,onem,6
T2,T2.18,9,1,1,p,0,ap,1,ones,0
T2,T2.19,9,3,0,ap,1,p,1,onem,2
T2,T2.20,9,14,0,ap,0,ap,0,ap,0
T2,T2.21,9,NA,0,ap,1,p,1,onem,3
T2,T2.22,9,5,0,ap,1,p,1,onem,2
T2,T2.23,9,11,0,ap,1,p,1,onem,1
T2,T2.25,9,NA,0,ap,0,ap,0,ap,0
T2,T2.26,9,NA,0,ap,0,ap,0,ap,0
T2,T2.27,9,6,0,ap,1,p,1,onem,1
T2,T2.28,9,0,1,p,0,ap,1,ones,0
T2,T2.29,9,0,1,p,1,p,2,p,3
T2,T2.30,9,0,1,p,1,p,2,p,2
T2,T2.31,9,5,0,ap,1,p,1,onem,1
T2,T2.32,9,0,0,ap,1,p,1,onem,3
T2,T2.33,9,0,1,p,0,ap,1,ones,0
T2,T2.34,9,0,1,p,0,ap,1,ones,0
T2,T2.35,9,8,0,ap,0,ap,0,ap,0
T2,T2.36,9,8,0,ap,0,ap,0,ap,0
T2,T2.37,9,NA,0,ap,0,ap,0,ap,0
T2,T2.38,9,7,0,ap,0,ap,0,ap,0
T2,T2.39,9,NA,0,ap,1,p,1,onem,7
T2,T2.40,9,NA,1,p,1,p,2,p,3
T2,T2.1,10,0,1,p,0,ap,1,ones,0
T2,T2.2,10,4,0,ap,0,ap,0,ap,0
T2,T2.3,10,NA,1,p,1,p,2,p,1
T2,T2.4,10,4,1,p,1,p,2,p,2
T2,T2.5,10,NA,0,ap,1,p,1,onem,3
T2,T2.6,10,NA,0,ap,0,ap,0,ap,0
T2,T2.7,10,2,0,ap,1,p,1,onem,3
T2,T2.8,10,NA,0,ap,1,p,1,onem,2
T2,T2.9,10,NA,0,ap,1,p,1,onem,3
T2,T2.10,10,NA,1,p,1,p,2,p,3
T2,T2.11,10,1,1,p,1,p,2,p,3
T2,T2.13,10,1,0,ap,0,ap,0,ap,0
T2,T2.14,10,NA,0,ap,1,p,1,onem,3
T2,T2.15,10,0,1,p,1,p,2,p,1
T2,T2.16,10,4,0,ap,1,p,1,onem,1
T2,T2.17,10,NA,0,ap,1,p,1,onem,6
T2,T2.18,10,NA,1,p,0,ap,1,ones,0
T2,T2.19,10,3,0,ap,1,p,1,onem,2
T2,T2.20,10,9,0,ap,0,ap,0,ap,0
T2,T2.21,10,NA,0,ap,1,p,1,onem,3
T2,T2.22,10,3,0,ap,1,p,1,onem,2
T2,T2.23,10,8,0,ap,1,p,1,onem,1
T2,T2.25,10,NA,0,ap,0,ap,0,ap,0
T2,T2.26,10,NA,0,ap,0,ap,0,ap,0
T2,T2.27,10,5,0,ap,1,p,1,onem,1
T2,T2.28,10,0,1,p,0,ap,1,ones,0
T2,T2.29,10,NA,1,p,1,p,2,p,3
T2,T2.30,10,0,1,p,1,p,2,p,2
T2,T2.31,10,2,0,ap,1,p,1,onem,1
T2,T2.32,10,0,0,ap,1,p,1,onem,3
T2,T2.33,10,NA,1,p,0,ap,1,ones,0
T2,T2.34,10,0,1,p,0,ap,1,ones,0
T2,T2.35,10,0,0,ap,0,ap,0,ap,0
T2,T2.36,10,4,0,ap,0,ap,0,ap,0
T2,T2.37,10,NA,0,ap,0,ap,0,ap,0
T2,T2.38,10,6,0,ap,0,ap,0,ap,0
T2,T2.39,10,NA,0,ap,1,p,1,onem,7
T2,T2.40,10,NA,1,p,1,p,2,p,3
T3,T3.1,1,5,1,p,1,p,2,p,2
T3,T3.2,1,0,0,ap,0,ap,0,ap,0
T3,T3.3,1,5,1,p,0,ap,1,ones,0
T3,T3.4,1,6,1,p,1,p,2,p,2
T3,T3.5,1,4,0,ap,1,p,1,onem,1
T3,T3.6,1,0,0,ap,1,p,1,onem,4
T3,T3.7,1,NA,0,ap,0,ap,0,ap,0
T3,T3.8,1,6,1,p,1,p,2,p,1
T3,T3.9,1,6,1,p,1,p,2,p,3
T3,T3.10,1,0,0,ap,1,p,1,onem,1
T3,T3.11,1,2,0,ap,1,p,1,onem,4
T3,T3.12,1,3,1,p,0,ap,1,ones,0
T3,T3.13,1,2,1,p,1,p,2,p,3
T3,T3.14,1,8,0,ap,1,p,1,onem,2
T3,T3.15,1,3,0,ap,1,p,1,onem,1
T3,T3.16,1,7,0,ap,1,p,1,onem,2
T3,T3.17,1,6,0,ap,1,p,1,onem,1
T3,T3.18,1,0,0,ap,1,p,1,onem,4
T3,T3.19,1,4,1,p,0,ap,1,ones,0
T3,T3.20,1,5,0,ap,1,p,1,onem,1
T3,T3.21,1,1,0,ap,1,p,1,onem,3
T3,T3.22,1,3,1,p,1,p,2,p,2
T3,T3.23,1,5,1,p,1,p,2,p,2
T3,T3.24,1,6,1,p,0,ap,1,ones,0
T3,T3.25,1,5,1,p,1,p,2,p,3
T3,T3.26,1,3,0,ap,1,p,1,onem,4
T3,T3.27,1,2,1,p,1,p,2,p,3
T3,T3.28,1,6,1,p,0,ap,1,ones,0
T3,T3.29,1,0,1,p,1,p,2,p,8
T3,T3.30,1,1,0,ap,1,p,1,onem,4
T3,T3.33,1,8,0,ap,1,p,1,onem,1
T3,T3.34,1,10,1,p,1,p,2,p,2
T3,T3.35,1,4,1,p,1,p,2,p,1
T3,T3.36,1,4,1,p,1,p,2,p,1
T3,T3.37,1,0,1,p,1,p,2,p,1
T3,T3.38,1,NA,0,ap,0,ap,0,ap,0
T3,T3.39,1,4,1,p,1,p,2,p,1
T3,T3.40,1,5,0,ap,1,p,1,onem,2
T3,T3.1,2,5,1,p,1,p,2,p,2
T3,T3.2,2,1,0,ap,0,ap,0,ap,0
T3,T3.3,2,5,1,p,0,ap,1,ones,0
T3,T3.4,2,6,1,p,1,p,2,p,2
T3,T3.5,2,4,0,ap,1,p,1,onem,1
T3,T3.6,2,0,0,ap,1,p,1,onem,4
T3,T3.7,2,NA,0,ap,0,ap,0,ap,0
T3,T3.8,2,5,1,p,1,p,2,p,1
T3,T3.9,2,6,1,p,1,p,2,p,3
T3,T3.10,2,0,0,ap,1,p,1,onem,1
T3,T3.11,2,0,0,ap,1,p,1,onem,4
T3,T3.12,2,3,1,p,0,ap,1,ones,0
T3,T3.13,2,3,1,p,1,p,2,p,3
T3,T3.14,2,6,0,ap,1,p,1,onem,2
T3,T3.15,2,4,0,ap,1,p,1,onem,1
T3,T3.16,2,5,0,ap,1,p,1,onem,2
T3,T3.17,2,5,0,ap,1,p,1,onem,1
T3,T3.18,2,NA,0,ap,1,p,1,onem,4
T3,T3.19,2,4,1,p,0,ap,1,ones,0
T3,T3.20,2,5,0,ap,1,p,1,onem,1
T3,T3.21,2,3,0,ap,1,p,1,onem,3
T3,T3.22,2,3,1,p,1,p,2,p,2
T3,T3.23,2,7,1,p,1,p,2,p,2
T3,T3.24,2,5,1,p,0,ap,1,ones,0
T3,T3.25,2,5,1,p,1,p,2,p,3
T3,T3.26,2,0,0,ap,1,p,1,onem,4
T3,T3.27,2,5,1,p,1,p,2,p,3
T3,T3.28,2,7,1,p,0,ap,1,ones,0
T3,T3.29,2,0,1,p,1,p,2,p,8
T3,T3.30,2,4,0,ap,1,p,1,onem,4
T3,T3.33,2,6,0,ap,1,p,1,onem,1
T3,T3.34,2,4,1,p,1,p,2,p,2
T3,T3.35,2,4,1,p,1,p,2,p,1
T3,T3.36,2,3,1,p,1,p,2,p,1
T3,T3.37,2,4,1,p,1,p,2,p,1
T3,T3.38,2,NA,0,ap,0,ap,0,ap,0
T3,T3.39,2,1,1,p,1,p,2,p,1
T3,T3.40,2,1,0,ap,1,p,1,onem,2
T3,T3.1,3,4,1,p,1,p,2,p,2
T3,T3.2,3,0,0,ap,0,ap,0,ap,0
T3,T3.3,3,4,1,p,0,ap,1,ones,0
T3,T3.4,3,6,1,p,1,p,2,p,2
T3,T3.5,3,3,0,ap,1,p,1,onem,1
T3,T3.6,3,NA,0,ap,1,p,1,onem,4
T3,T3.7,3,NA,0,ap,0,ap,0,ap,0
T3,T3.8,3,6,1,p,1,p,2,p,1
T3,T3.9,3,7,1,p,1,p,2,p,3
T3,T3.10,3,0,0,ap,1,p,1,onem,1
T3,T3.11,3,NA,0,ap,1,p,1,onem,4
T3,T3.12,3,7,1,p,0,ap,1,ones,0
T3,T3.13,3,6,1,p,1,p,2,p,3
T3,T3.14,3,8,0,ap,1,p,1,onem,2
T3,T3.15,3,3,0,ap,1,p,1,onem,1
T3,T3.16,3,4,0,ap,1,p,1,onem,2
T3,T3.17,3,3,0,ap,1,p,1,onem,1
T3,T3.18,3,NA,0,ap,1,p,1,onem,4
T3,T3.19,3,7,1,p,0,ap,1,ones,0
T3,T3.20,3,4,0,ap,1,p,1,onem,1
T3,T3.21,3,7,0,ap,1,p,1,onem,3
T3,T3.22,3,2,1,p,1,p,2,p,2
T3,T3.23,3,7,1,p,1,p,2,p,2
T3,T3.24,3,5,1,p,0,ap,1,ones,0
T3,T3.25,3,6,1,p,1,p,2,p,3
T3,T3.26,3,2,0,ap,1,p,1,onem,4
T3,T3.27,3,3,1,p,1,p,2,p,3
T3,T3.28,3,7,1,p,0,ap,1,ones,0
T3,T3.29,3,1,1,p,1,p,2,p,8
T3,T3.30,3,2,0,ap,1,p,1,onem,4
T3,T3.33,3,7,0,ap,1,p,1,onem,1
T3,T3.34,3,4,1,p,1,p,2,p,2
T3,T3.35,3,5,1,p,1,p,2,p,1
T3,T3.36,3,7,1,p,1,p,2,p,1
T3,T3.37,3,4,1,p,1,p,2,p,1
T3,T3.38,3,NA,0,ap,0,ap,0,ap,0
T3,T3.39,3,4,1,p,1,p,2,p,1
T3,T3.40,3,5,0,ap,1,p,1,onem,2
T3,T3.1,4,2,1,p,1,p,2,p,2
T3,T3.2,4,0,0,ap,0,ap,0,ap,0
T3,T3.3,4,4,1,p,0,ap,1,ones,0
T3,T3.4,4,1,1,p,1,p,2,p,2
T3,T3.5,4,3,0,ap,1,p,1,onem,1
T3,T3.6,4,NA,0,ap,1,p,1,onem,4
T3,T3.7,4,NA,0,ap,0,ap,0,ap,0
T3,T3.8,4,2,1,p,1,p,2,p,1
T3,T3.9,4,5,1,p,1,p,2,p,3
T3,T3.10,4,NA,0,ap,1,p,1,onem,1
T3,T3.11,4,NA,0,ap,1,p,1,onem,4
T3,T3.12,4,3,1,p,0,ap,1,ones,0
T3,T3.13,4,1,1,p,1,p,2,p,3
T3,T3.14,4,8,0,ap,1,p,1,onem,2
T3,T3.15,4,5,0,ap,1,p,1,onem,1
T3,T3.16,4,7,0,ap,1,p,1,onem,2
T3,T3.17,4,10,0,ap,1,p,1,onem,1
T3,T3.18,4,NA,0,ap,1,p,1,onem,4
T3,T3.19,4,1,1,p,0,ap,1,ones,0
T3,T3.20,4,NA,0,ap,1,p,1,onem,1
T3,T3.21,4,4,0,ap,1,p,1,onem,3
T3,T3.22,4,0,1,p,1,p,2,p,2
T3,T3.23,4,0,1,p,1,p,2,p,2
T3,T3.24,4,3,1,p,0,ap,1,ones,0
T3,T3.25,4,1,1,p,1,p,2,p,3
T3,T3.26,4,0,0,ap,1,p,1,onem,4
T3,T3.27,4,2,1,p,1,p,2,p,3
T3,T3.28,4,0,1,p,0,ap,1,ones,0
T3,T3.29,4,0,1,p,1,p,2,p,8
T3,T3.30,4,NA,0,ap,1,p,1,onem,4
T3,T3.33,4,7,0,ap,1,p,1,onem,1
T3,T3.34,4,2,1,p,1,p,2,p,2
T3,T3.35,4,0,1,p,1,p,2,p,1
T3,T3.36,4,10,1,p,1,p,2,p,1
T3,T3.37,4,1,1,p,1,p,2,p,1
T3,T3.38,4,NA,0,ap,0,ap,0,ap,0
T3,T3.39,4,3,1,p,1,p,2,p,1
T3,T3.40,4,3,0,ap,1,p,1,onem,2
T3,T3.1,5,1,1,p,1,p,2,p,2
T3,T3.2,5,2,0,ap,0,ap,0,ap,0
T3,T3.3,5,0,1,p,0,ap,1,ones,0
T3,T3.4,5,0,1,p,1,p,2,p,2
T3,T3.5,5,3,0,ap,1,p,1,onem,1
T3,T3.6,5,NA,0,ap,1,p,1,onem,4
T3,T3.7,5,NA,0,ap,0,ap,0,ap,0
T3,T3.8,5,0,1,p,1,p,2,p,1
T3,T3.9,5,0,1,p,1,p,2,p,3
T3,T3.10,5,NA,0,ap,1,p,1,onem,1
T3,T3.11,5,NA,0,ap,1,p,1,onem,4
T3,T3.12,5,0,1,p,0,ap,1,ones,0
T3,T3.13,5,0,1,p,1,p,2,p,3
T3,T3.14,5,9,0,ap,1,p,1,onem,2
T3,T3.15,5,5,0,ap,1,p,1,onem,1
T3,T3.16,5,10,0,ap,1,p,1,onem,2
T3,T3.17,5,9,0,ap,1,p,1,onem,1
T3,T3.18,5,NA,0,ap,1,p,1,onem,4
T3,T3.19,5,0,1,p,0,ap,1,ones,0
T3,T3.20,5,NA,0,ap,1,p,1,onem,1
T3,T3.21,5,1,0,ap,1,p,1,onem,3
T3,T3.22,5,0,1,p,1,p,2,p,2
T3,T3.23,5,0,1,p,1,p,2,p,2
T3,T3.24,5,0,1,p,0,ap,1,ones,0
T3,T3.25,5,0,1,p,1,p,2,p,3
T3,T3.26,5,NA,0,ap,1,p,1,onem,4
T3,T3.27,5,0,1,p,1,p,2,p,3
T3,T3.28,5,0,1,p,0,ap,1,ones,0
T3,T3.29,5,0,1,p,1,p,2,p,8
T3,T3.30,5,NA,0,ap,1,p,1,onem,4
T3,T3.33,5,5,0,ap,1,p,1,onem,1
T3,T3.34,5,0,1,p,1,p,2,p,2
T3,T3.35,5,0,1,p,1,p,2,p,1
T3,T3.36,5,5,1,p,1,p,2,p,1
T3,T3.37,5,0,1,p,1,p,2,p,1
T3,T3.38,5,NA,0,ap,0,ap,0,ap,0
T3,T3.39,5,2,1,p,1,p,2,p,1
T3,T3.40,5,8,0,ap,1,p,1,onem,2
T3,T3.1,6,3,1,p,1,p,2,p,2
T3,T3.2,6,5,0,ap,0,ap,0,ap,0
T3,T3.3,6,0,1,p,0,ap,1,ones,0
T3,T3.4,6,0,1,p,1,p,2,p,2
T3,T3.5,6,4,0,ap,1,p,1,onem,1
T3,T3.6,6,NA,0,ap,1,p,1,onem,4
T3,T3.7,6,NA,0,ap,0,ap,0,ap,0
T3,T3.8,6,0,1,p,1,p,2,p,1
T3,T3.9,6,0,1,p,1,p,2,p,3
T3,T3.10,6,NA,0,ap,1,p,1,onem,1
T3,T3.11,6,NA,0,ap,1,p,1,onem,4
T3,T3.12,6,0,1,p,0,ap,1,ones,0
T3,T3.13,6,NA,1,p,1,p,2,p,3
T3,T3.14,6,7,0,ap,1,p,1,onem,2
T3,T3.15,6,5,0,ap,1,p,1,onem,1
T3,T3.16,6,10,0,ap,1,p,1,onem,2
T3,T3.17,6,8,0,ap,1,p,1,onem,1
T3,T3.18,6,NA,0,ap,1,p,1,onem,4
T3,T3.19,6,0,1,p,0,ap,1,ones,0
T3,T3.20,6,NA,0,ap,1,p,1,onem,1
T3,T3.21,6,0,0,ap,1,p,1,onem,3
T3,T3.22,6,0,1,p,1,p,2,p,2
T3,T3.23,6,0,1,p,1,p,2,p,2
T3,T3.24,6,1,1,p,0,ap,1,ones,0
T3,T3.25,6,0,1,p,1,p,2,p,3
T3,T3.26,6,NA,0,ap,1,p,1,onem,4
T3,T3.27,6,0,1,p,1,p,2,p,3
T3,T3.28,6,0,1,p,0,ap,1,ones,0
T3,T3.29,6,0,1,p,1,p,2,p,8
T3,T3.30,6,NA,0,ap,1,p,1,onem,4
T3,T3.33,6,5,0,ap,1,p,1,onem,1
T3,T3.34,6,2,1,p,1,p,2,p,2
T3,T3.35,6,0,1,p,1,p,2,p,1
T3,T3.36,6,2,1,p,1,p,2,p,1
T3,T3.37,6,0,1,p,1,p,2,p,1
T3,T3.38,6,NA,0,ap,0,ap,0,ap,0
T3,T3.39,6,2,1,p,1,p,2,p,1
T3,T3.40,6,6,0,ap,1,p,1,onem,2
T3,T3.1,7,2,1,p,1,p,2,p,2
T3,T3.2,7,0,0,ap,0,ap,0,ap,0
T3,T3.3,7,0,1,p,0,ap,1,ones,0
T3,T3.4,7,0,1,p,1,p,2,p,2
T3,T3.5,7,8,0,ap,1,p,1,onem,1
T3,T3.6,7,NA,0,ap,1,p,1,onem,4
T3,T3.7,7,NA,0,ap,0,ap,0,ap,0
T3,T3.8,7,0,1,p,1,p,2,p,1
T3,T3.9,7,0,1,p,1,p,2,p,3
T3,T3.10,7,NA,0,ap,1,p,1,onem,1
T3,T3.11,7,NA,0,ap,1,p,1,onem,4
T3,T3.12,7,0,1,p,0,ap,1,ones,0
T3,T3.13,7,NA,1,p,1,p,2,p,3
T3,T3.14,7,12,0,ap,1,p,1,onem,2
T3,T3.15,7,3,0,ap,1,p,1,onem,1
T3,T3.16,7,7,0,ap,1,p,1,onem,2
T3,T3.17,7,10,0,ap,1,p,1,onem,1
T3,T3.18,7,NA,0,ap,1,p,1,onem,4
T3,T3.19,7,0,1,p,0,ap,1,ones,0
T3,T3.20,7,NA,0,ap,1,p,1,onem,1
T3,T3.21,7,0,0,ap,1,p,1,onem,3
T3,T3.22,7,0,1,p,1,p,2,p,2
T3,T3.23,7,0,1,p,1,p,2,p,2
T3,T3.24,7,0,1,p,0,ap,1,ones,0
T3,T3.25,7,0,1,p,1,p,2,p,3
T3,T3.26,7,NA,0,ap,1,p,1,onem,4
T3,T3.27,7,0,1,p,1,p,2,p,3
T3,T3.28,7,0,1,p,0,ap,1,ones,0
T3,T3.29,7,0,1,p,1,p,2,p,8
T3,T3.30,7,NA,0,ap,1,p,1,onem,4
T3,T3.33,7,4,0,ap,1,p,1,onem,1
T3,T3.34,7,3,1,p,1,p,2,p,2
T3,T3.35,7,0,1,p,1,p,2,p,1
T3,T3.36,7,0,1,p,1,p,2,p,1
T3,T3.37,7,NA,1,p,1,p,2,p,1
T3,T3.38,7,NA,0,ap,0,ap,0,ap,0
T3,T3.39,7,2,1,p,1,p,2,p,1
T3,T3.40,7,8,0,ap,1,p,1,onem,2
T3,T3.1,8,1,1,p,1,p,2,p,2
T3,T3.2,8,0,0,ap,0,ap,0,ap,0
T3,T3.3,8,0,1,p,0,ap,1,ones,0
T3,T3.4,8,0,1,p,1,p,2,p,2
T3,T3.5,8,7,0,ap,1,p,1,onem,1
T3,T3.6,8,NA,0,ap,1,p,1,onem,4
T3,T3.7,8,NA,0,ap,0,ap,0,ap,0
T3,T3.8,8,0,1,p,1,p,2,p,1
T3,T3.9,8,0,1,p,1,p,2,p,3
T3,T3.10,8,NA,0,ap,1,p,1,onem,1
T3,T3.11,8,NA,0,ap,1,p,1,onem,4
T3,T3.12,8,0,1,p,0,ap,1,ones,0
T3,T3.13,8,NA,1,p,1,p,2,p,3
T3,T3.14,8,14,0,ap,1,p,1,onem,2
T3,T3.15,8,2,0,ap,1,p,1,onem,1
T3,T3.16,8,5,0,ap,1,p,1,onem,2
T3,T3.17,8,8,0,ap,1,p,1,onem,1
T3,T3.18,8,NA,0,ap,1,p,1,onem,4
T3,T3.19,8,0,1,p,0,ap,1,ones,0
T3,T3.20,8,NA,0,ap,1,p,1,onem,1
T3,T3.21,8,0,0,ap,1,p,1,onem,3
T3,T3.22,8,0,1,p,1,p,2,p,2
T3,T3.23,8,0,1,p,1,p,2,p,2
T3,T3.24,8,0,1,p,0,ap,1,ones,0
T3,T3.25,8,0,1,p,1,p,2,p,3
T3,T3.26,8,NA,0,ap,1,p,1,onem,4
T3,T3.27,8,NA,1,p,1,p,2,p,3
T3,T3.28,8,0,1,p,0,ap,1,ones,0
T3,T3.29,8,NA,1,p,1,p,2,p,8
T3,T3.30,8,NA,0,ap,1,p,1,onem,4
T3,T3.33,8,4,0,ap,1,p,1,onem,1
T3,T3.34,8,0,1,p,1,p,2,p,2
T3,T3.35,8,0,1,p,1,p,2,p,1
T3,T3.36,8,1,1,p,1,p,2,p,1
T3,T3.37,8,NA,1,p,1,p,2,p,1
T3,T3.38,8,NA,0,ap,0,ap,0,ap,0
T3,T3.39,8,NA,1,p,1,p,2,p,1
T3,T3.40,8,NA,0,ap,1,p,1,onem,2
T3,T3.1,9,0,1,p,1,p,2,p,2
T3,T3.2,9,0,0,ap,0,ap,0,ap,0
T3,T3.3,9,0,1,p,0,ap,1,ones,0
T3,T3.4,9,0,1,p,1,p,2,p,2
T3,T3.5,9,6,0,ap,1,p,1,onem,1
T3,T3.6,9,NA,0,ap,1,p,1,onem,4
T3,T3.7,9,NA,0,ap,0,ap,0,ap,0
T3,T3.8,9,0,1,p,1,p,2,p,1
T3,T3.9,9,1,1,p,1,p,2,p,3
T3,T3.10,9,NA,0,ap,1,p,1,onem,1
T3,T3.11,9,NA,0,ap,1,p,1,onem,4
T3,T3.12,9,0,1,p,0,ap,1,ones,0
T3,T3.13,9,NA,1,p,1,p,2,p,3
T3,T3.14,9,13,0,ap,1,p,1,onem,2
T3,T3.15,9,2,0,ap,1,p,1,onem,1
T3,T3.16,9,0,0,ap,1,p,1,onem,2
T3,T3.17,9,13,0,ap,1,p,1,onem,1
T3,T3.18,9,NA,0,ap,1,p,1,onem,4
T3,T3.19,9,0,1,p,0,ap,1,ones,0
T3,T3.20,9,NA,0,ap,1,p,1,onem,1
T3,T3.21,9,0,0,ap,1,p,1,onem,3
T3,T3.22,9,NA,1,p,1,p,2,p,2
T3,T3.23,9,0,1,p,1,p,2,p,2
T3,T3.24,9,0,1,p,0,ap,1,ones,0
T3,T3.25,9,0,1,p,1,p,2,p,3
T3,T3.26,9,NA,0,ap,1,p,1,onem,4
T3,T3.27,9,NA,1,p,1,p,2,p,3
T3,T3.28,9,0,1,p,0,ap,1,ones,0
T3,T3.29,9,NA,1,p,1,p,2,p,8
T3,T3.30,9,NA,0,ap,1,p,1,onem,4
T3,T3.33,9,0,0,ap,1,p,1,onem,1
T3,T3.34,9,1,1,p,1,p,2,p,2
T3,T3.35,9,0,1,p,1,p,2,p,1
T3,T3.36,9,0,1,p,1,p,2,p,1
T3,T3.37,9,NA,1,p,1,p,2,p,1
T3,T3.38,9,NA,0,ap,0,ap,0,ap,0
T3,T3.39,9,NA,1,p,1,p,2,p,1
T3,T3.40,9,NA,0,ap,1,p,1,onem,2
T3,T3.1,10,0,1,p,1,p,2,p,2
T3,T3.2,10,0,0,ap,0,ap,0,ap,0
T3,T3.3,10,0,1,p,0,ap,1,ones,0
T3,T3.4,10,0,1,p,1,p,2,p,2
T3,T3.5,10,11,0,ap,1,p,1,onem,1
T3,T3.6,10,NA,0,ap,1,p,1,onem,4
T3,T3.7,10,NA,0,ap,0,ap,0,ap,0
T3,T3.8,10,NA,1,p,1,p,2,p,1
T3,T3.9,10,0,1,p,1,p,2,p,3
T3,T3.10,10,NA,0,ap,1,p,1,onem,1
T3,T3.11,10,NA,0,ap,1,p,1,onem,4
T3,T3.12,10,NA,1,p,0,ap,1,ones,0
T3,T3.13,10,NA,1,p,1,p,2,p,3
T3,T3.14,10,8,0,ap,1,p,1,onem,2
T3,T3.15,10,0,0,ap,1,p,1,onem,1
T3,T3.16,10,3,0,ap,1,p,1,onem,2
T3,T3.17,10,8,0,ap,1,p,1,onem,1
T3,T3.18,10,NA,0,ap,1,p,1,onem,4
T3,T3.19,10,0,1,p,0,ap,1,ones,0
T3,T3.20,10,NA,0,ap,1,p,1,onem,1
T3,T3.21,10,1,0,ap,1,p,1,onem,3
T3,T3.22,10,NA,1,p,1,p,2,p,2
T3,T3.23,10,0,1,p,1,p,2,p,2
T3,T3.24,10,0,1,p,0,ap,1,ones,0
T3,T3.25,10,NA,1,p,1,p,2,p,3
T3,T3.26,10,NA,0,ap,1,p,1,onem,4
T3,T3.27,10,NA,1,p,1,p,2,p,3
T3,T3.28,10,0,1,p,0,ap,1,ones,0
T3,T3.29,10,NA,1,p,1,p,2,p,8
T3,T3.30,10,NA,0,ap,1,p,1,onem,4
T3,T3.33,10,0,0,ap,1,p,1,onem,1
T3,T3.34,10,0,1,p,1,p,2,p,2
T3,T3.35,10,0,1,p,1,p,2,p,1
T3,T3.36,10,0,1,p,1,p,2,p,1
T3,T3.37,10,NA,1,p,1,p,2,p,1
T3,T3.38,10,NA,0,ap,0,ap,0,ap,0
T3,T3.39,10,NA,1,p,1,p,2,p,1
T3,T3.40,10,NA,0,ap,1,p,1,onem,2
